id,title,duration_minutes,mpa,imdb_rating,votes,metacritic_score,release_date,TMDB_Score,TMDB_Vote_Count,RT_Tomatometer
tt1633359,The Toxic Avenger,102,R,6,554,66,8/29/2025,5.962,351,87%
tt12908150,The Life of Chuck,110,R,7.7,466,64,6/6/2025,7.278,998,80%
tt0362004,Palindromes,100,Not Rated,6.7,13000,53,5/20/2025,6.2,172,43%
tt28613536,Bob Trevino Likes It,102,PG-13,8.1,389,75,5/2/2025,7.463,108,95%
tt20212786,The Shrouds,119,R,5.9,761,59,4/25/2025,5.815,216,75%
tt26625693,The Order,116,R,6.8,39000,75,4/18/2025,6.6,856,93%
tt23149780,Eden,120,R,6.1,819,60,4/3/2025,6.7,615,N/A
tt32768323,The Assessment,114,R,7.2,727,65,4/3/2025,6.823,417,84%
tt24176060,Queer,137,R,6.5,18000,72,3/29/2025,6.59,501,77%
tt28443655,Death of a Unicorn,107,R,5.7,711,55,3/28/2025,6.403,786,52%
tt14186876,Bring Them Down,106,R,6.8,878,63,3/28/2025,6.715,79,89%
tt17489650,Ash,95,R,5.9,835,63,3/21/2025,5.162,425,71%
tt32085997,Misericordia,104,Unrated,6.9,1700,80,3/21/2025,6.388,165,94%
tt13652142,Magazine Dreams,123,R,7,966,69,3/21/2025,6.8,82,80%
tt6208148,Snow White,109,PG,1.6,152000,50,3/21/2025,4.3,1601,N/A
tt26671996,Locked,95,R,6.4,772,45,3/21/2025,6.186,519,63%
tt21815562,The Alto Knights,123,R,5.9,2300,46,3/21/2025,6.211,413,40%
tt26304178,O'Dessa,106,PG-13,5,1000,41,3/20/2025,5.85,100,N/A
tt16409868,High Tide,101,R,6.6,511,73,3/20/2025,6,18,100%
tt29603959,Novocaine,110,R,6.8,9500,60,3/14/2025,6.796,1532,81%
tt7766378,The Electric State,125,PG-13,6,43000,29,3/14/2025,6.487,1604,14%
tt13650814,Borderline,94,R,5.3,2000,63,3/14/2025,5.7,146,59%
tt15352542,The Day the Earth Blew Up: A Looney Tunes Movie,91,PG,7,2800,69,3/14/2025,7.5,208,86%
tt29929565,Opus,104,R,5.9,1900,42,3/14/2025,5.742,219,39%
tt30988739,Black Bag,93,R,7.3,11000,85,3/14/2025,6.344,1176,96%
tt14041896,The Parenting,94,R,5.7,4000,45,3/13/2025,6,149,47%
tt32560777,Plankton: The Movie,87,TV-PG,5.4,2300,61,3/7/2025,6.738,160,71%
tt6874690,The Rule of Jenny Pen,104,R,6.5,704,66,3/7/2025,6.2,143,72%
tt28070202,Queen of the Ring,140,PG-13,6.9,870,65,3/7/2025,6.714,56,73%
tt12299608,Mickey 17,137,R,7,60000,72,3/7/2025,6.829,3434,78%
tt35628886,Chaos: The Manson Murders,95,TV-MA,5.6,2100,62,3/7/2025,6.157,70,56%
tt23398348,Rule Breakers,120,PG,7.4,617,55,3/7/2025,7.6,23,81%
tt4419684,In the Lost Lands,101,R,5,1500,41,3/7/2025,6.347,778,24%
tt30294282,Porcelain War,87,R,7.1,1100,73,3/6/2025,6.4,18,96%
tt14403504,Last Breath,93,PG-13,6.6,9900,66,2/28/2025,6.887,617,91%
tt22022784,My Dead Friend Zoe,103,R,6.7,1700,75,2/28/2025,6.331,89,94%
tt27775403,Riff Raff,103,R,5.9,1700,47,2/28/2025,5.746,112,55%
tt23055660,Nickel Boys,140,PG-13,7,17000,91,2/28/2025,6.645,339,92%
tt28007064,Superboys of Malegaon,127,PG-13,8,1200,71,2/28/2025,7.489,44,87%
tt10381102,Brave the Dark,112,PG-13,6.6,1100,56,2/27/2025,6.613,40,74%
tt27714946,The Monkey,98,R,6.3,23000,62,2/21/2025,6,1256,77%
tt27812086,Cleaner,97,R,4.9,3300,52,2/21/2025,6.3,451,51%
tt26442053,Old Guy,94,R,5.1,1900,33,2/21/2025,5.6,213,26%
tt5181260,The Unbreakable Boy,109,PG,5.7,1000,35,2/21/2025,7.703,133,43%
tt15551346,The End,148,R,5.5,1600,66,2/20/2025,5.28,75,56%
tt32178949,The Seed of the Sacred Fig,167,PG-13,7.6,13000,84,2/18/2025,7.537,449,97%
tt21967916,The Dead Thing,94,Unrated,4.7,843,53,2/14/2025,5.4,18,83%
tt5822536,Paddington in Peru,106,PG,6.7,18000,65,2/14/2025,6.816,667,93%
tt4772188,Flow,85,PG,7.9,63000,87,2/14/2025,8.089,2740,97%
tt13654226,The Gorge,127,PG-13,6.7,96000,57,2/14/2025,7.618,3586,62%
tt10365912,Becoming Led Zeppelin,122,PG-13,7.8,2500,64,2/14/2025,7.388,116,85%
tt14513804,Captain America: Brave New World,118,PG-13,5.9,82000,42,2/14/2025,6,3019,46%
tt32063050,Bridget Jones: Mad About the Boy,124,R,6.7,19000,72,2/13/2025,6.407,514,88%
tt31519456,La Dolce Villa,99,TV-14,6,7500,44,2/13/2025,6.321,212,75%
tt15495150,The Witcher: Sirens of the Deep,91,TV-MA,6.1,7600,54,2/11/2025,6.814,266,58%
tt14961016,I'm Still Here,137,PG-13,8.4,98000,85,2/7/2025,7.902,1035,N/A
tt32558992,Heart Eyes,97,R,6.1,14000,61,2/7/2025,6.281,496,78%
tt30788842,Love Hurts,83,R,5.2,7500,34,2/7/2025,5.663,356,18%
tt24805832,In the Summers,95,Unrated,6.5,900,83,2/5/2025,6.8,15,93%
tt30253036,Kinda Pregnant,97,R,4.9,14000,38,2/5/2025,5.6,308,28%
tt26584495,Companion,97,R,7,67000,70,1/31/2025,7.009,2203,93%
tt10954718,Dog Man,89,PG,6.3,7400,66,1/31/2025,7.4,345,82%
tt21375602,Love Me,91,R,5.2,2200,52,1/31/2025,6,70,46%
tt21227864,You're Cordially Invited,109,R,5.5,24000,51,1/30/2025,5.8,434,48%
tt34956443,Ne Zha 2,143,Not Rated,8.2,9000,59,1/29/2025,8.118,646,92%
tt8999762,The Brutalist,216,R,7.5,72000,90,1/24/2025,6.963,1604,93%
tt23951384,The Colors Within,101,PG,7.1,845,76,1/24/2025,6.917,60,92%
tt31050620,Inheritance,101,R,5.6,1200,55,1/24/2025,6,83,N/A
tt28249919,Presence,84,R,6.1,18000,77,1/24/2025,6.121,715,88%
tt9603060,Star Trek: Section 31,95,PG-13,3.8,14000,37,1/24/2025,4.719,350,23%
tt10078772,Flight Risk,91,R,5.3,22000,38,1/24/2025,5.946,1130,29%
tt10236164,The Girl with the Needle,123,Unrated,7.5,12000,82,1/24/2025,7.588,345,92%
tt28082769,5-Sep,95,R,7.1,21000,76,1/17/2025,7.015,540,92%
tt14893438,Wish You Were Here,99,PG-13,4.7,428,50,1/17/2025,6.143,28,33%
tt32221196,One of Them Days,97,R,6.6,8500,71,1/17/2025,6.638,269,94%
tt21191806,Back in Action,114,PG-13,5.9,52000,46,1/17/2025,6.438,1477,30%
tt28244549,Grand Theft Hamlet,89,R,6.9,1700,82,1/17/2025,6.576,59,94%
tt4216984,Wolf Man,103,R,5.6,23000,50,1/17/2025,6.192,949,48%
tt22478818,William Tell,133,R,5.8,1900,53,1/17/2025,6.2,236,54%
tt3864060,Unstoppable,116,PG-13,6.8,3900,64,1/16/2025,5.243,167,N/A
tt31456973,Alarum,95,R,3.3,2200,23,1/16/2025,5.6,391,0%
tt21955520,Peter Pan's Neverland Nightmare,89,Not Rated,5.9,1200,50,1/13/2025,5.7,219,39%
tt14260836,Better Man,135,R,7.6,23000,77,1/10/2025,7.623,822,89%
tt31193791,The Last Showgirl,88,R,6.5,9300,66,1/10/2025,6.409,270,83%
tt8008948,Den of Thieves: Pantera,144,R,6.3,21000,60,1/10/2025,6.6,768,62%
tt32138452,Ad Vitam,98,TV-MA,5.9,8800,40,1/10/2025,6.226,434,43%
tt11891850,Hard Truths,97,R,7.3,4700,88,1/10/2025,6.458,154,95%
tt15010692,The Damned,89,R,5.7,3700,64,1/3/2025,5.929,161,89%
tt17163970,Wallace & Gromit: Vengeance Most Fowl,82,PG,7.5,33000,83,1/3/2025,7.462,632,100%
tt34977130,Don't Die: The Man Who Wants to Live Forever,88,TV-14,6.1,3600,56,1/1/2025,6.231,67,N/A
tt22042346,2073,85,R,5.2,1600,52,12/27/2024,6.629,101,49%
tt6133444,The Fire Inside,109,PG-13,6.7,2200,76,12/25/2024,7.3,68,93%
tt5040012,Nosferatu,132,R,7.3,182000,78,12/25/2024,6.712,3569,85%
tt11563598,A Complete Unknown,141,R,7.4,62000,70,12/25/2024,7.083,1407,82%
tt30057084,Babygirl,114,R,6,49000,79,12/25/2024,5.692,1169,76%
tt28277817,Bird,119,R,7,7800,74,12/23/2024,7.234,220,86%
tt29137778,Homestead,112,PG-13,5.4,3400,44,12/20/2024,6.524,104,45%
tt24458622,The Six Triple Eight,127,PG-13,6.7,25000,51,12/20/2024,7.523,656,56%
tt13186482,Mufasa: The Lion King,118,PG,6.6,49000,56,12/20/2024,7.309,2603,56%
tt18259086,Sonic the Hedgehog 3,110,PG,6.9,54000,56,12/20/2024,7.614,3213,86%
tt27403986,Juror #2,114,PG-13,7,93000,72,12/20/2024,6.883,2418,93%
tt8790086,Kraven the Hunter,127,R,5.4,47000,35,12/13/2024,6.432,2282,15%
tt21382296,Carry-On,119,PG-13,6.5,161000,69,12/13/2024,6.887,2690,88%
tt14824600,The Lord of the Rings: The War of the Rohirrim,134,PG-13,6.3,28000,54,12/13/2024,6.545,833,49%
tt22893404,Maria,124,R,6.4,18000,63,12/11/2024,6.447,458,76%
tt23872640,Dirty Angels,104,R,4.3,3200,42,12/11/2024,6.1,371,27%
tt30319854,Sugarcane,107,R,7,3100,90,12/9/2024,6.9,54,100%
tt19861162,The Return,116,R,6.2,7600,67,12/6/2024,6.495,415,78%
tt27218960,Y2K,91,R,4.8,10000,49,12/6/2024,5.128,266,42%
tt15041836,Werewolves,93,R,4.4,6100,46,12/6/2024,5.851,481,49%
tt32083311,On Becoming a Guinea Fowl,99,PG-13,7.2,721,87,12/6/2024,7.559,34,100%
tt32084246,Mary,112,TV-14,5.2,8000,27,12/6/2024,6.222,196,28%
tt10449276,Get Away,86,R,5.3,6300,58,12/6/2024,5.217,161,76%
tt30841606,Rumours,104,R,5,4300,69,12/6/2024,4.921,107,76%
tt12810074,Nightbitch,99,R,5.6,19000,56,12/6/2024,5.766,350,60%
tt28523838,Exhibiting Forgiveness,117,R,7,1100,82,12/3/2024,6.2,27,95%
tt14636214,Sweethearts,98,R,5.5,3800,57,11/28/2024,5.8,87,62%
tt13622970,Moana 2,100,PG,6.7,92000,58,11/27/2024,6.995,3020,60%
tt31022050,Our Little Secret,101,TV-14,5.7,23000,41,11/27/2024,6.243,571,37%
tt23558280,Elevation,91,R,5.6,20000,50,11/26/2024,6.415,941,55%
tt2396431,Dear Santa,107,PG-13,5.4,18000,34,11/25/2024,6.231,484,24%
tt26237514,Bonhoeffer: Pastor. Spy. Assassin.,133,PG-13,6.3,3400,43,11/22/2024,6.708,77,66%
tt9218128,Gladiator II,148,R,6.5,219000,64,11/22/2024,6.616,4324,70%
tt5012320,Out of My Mind,102,TV-PG,7.4,2600,73,11/22/2024,7.8,81,100%
tt7215232,Spellbound,109,PG,5.6,6700,54,11/22/2024,6.6,303,48%
tt1262426,Wicked,160,PG,7.5,147000,73,11/22/2024,6.912,2964,88%
tt10243672,Joy,115,PG-13,7.1,9000,62,11/22/2024,6.839,158,89%
tt32368345,The Merry Gentlemen,87,TV-14,4.8,10000,34,11/20/2024,5.794,238,39%
tt3234122,Widow Clicquot,90,R,6.3,3800,65,11/16/2024,6.7,99,80%
tt14948432,Red One,123,PG-13,6.3,138000,34,11/15/2024,6.991,3002,30%
tt20221436,Emilia Pérez,132,R,5.4,85000,70,11/13/2024,6.459,1930,N/A
tt30319516,Good One,89,R,6.7,2400,87,11/13/2024,6.5,63,98%
tt28015403,Heretic,111,R,7,124000,71,11/8/2024,6.979,2576,90%
tt28607951,Anora,139,R,7.6,162000,91,11/8/2024,7.1,3081,93%
tt27196021,Small Things Like These,98,PG-13,6.8,21000,82,11/8/2024,6.662,521,93%
tt2347285,The Best Christmas Pageant Ever,99,PG,6.8,6000,60,11/8/2024,6.919,123,92%
tt15507512,The Piano Lesson,127,PG-13,6.2,4800,69,11/8/2024,5.878,94,88%
tt21247132,Meanwhile on Earth,89,R,6,883,66,11/8/2024,6.2,60,82%
tt25052668,Christmas Eve in Miller's Point,106,PG-13,5.6,2300,72,11/8/2024,5.1,30,80%
tt31711040,Look Back,58,13+,7.8,14000,90,11/7/2024,8.062,518,100%
tt15939198,Blitz,120,PG-13,6.2,16000,71,11/1/2024,5.977,243,81%
tt21823606,A Real Pain,90,R,7.1,79000,85,11/1/2024,6.774,1361,96%
tt31186932,The Gutter,92,R,5.4,453,59,11/1/2024,4.6,7,75%
tt8337290,Absolution,112,R,5.2,7500,51,11/1/2024,5.897,511,56%
tt18272208,Here,104,PG-13,6.3,19000,39,11/1/2024,6.527,645,36%
tt14857528,Time Cut,91,TV-14,5,18000,36,10/30/2024,5.666,580,26%
tt30317033,Sebastian,110,Unrated,6.7,1600,53,10/25/2024,6.4,47,76%
tt16366836,Venom: The Last Dance,110,PG-13,6,110000,41,10/25/2024,6.7,4111,40%
tt20215234,Conclave,120,PG,7.4,136000,79,10/25/2024,7.2,3323,93%
tt19864832,La Cocina,139,R,7.2,2400,74,10/25/2024,6.9,93,72%
tt20202324,Magpie,90,R,6.1,2500,69,10/25/2024,6.458,59,81%
tt19811010,The Remarkable Life of Ibelin,103,PG-13,8.2,12000,78,10/25/2024,8.095,132,97%
tt24807110,Don't Move,92,R,5.8,38000,54,10/25/2024,6.319,967,N/A
tt22741760,Your Monster,103,R,6.4,5500,62,10/25/2024,6.515,103,79%
tt23853982,Parthenope,137,R,6.6,9600,52,10/24/2024,6.691,734,47%
tt5674658,Kensuke's Kingdom,85,PG,6.9,1100,68,10/18/2024,7.214,49,97%
tt29439114,The Room Next Door,107,PG-13,6.8,18000,70,10/18/2024,6.748,672,80%
tt29268110,Smile 2,127,R,6.7,98000,67,10/18/2024,6.6,2074,86%
tt28821371,MadS,89,TV-MA,6.4,7100,78,10/18/2024,6.502,231,94%
tt22803220,National Anthem,99,R,6.2,1400,71,10/18/2024,6.7,26,91%
tt7737800,Woman of the Hour,95,R,6.6,60000,74,10/18/2024,6.405,996,91%
tt27131358,We Live in Time,108,R,7,49000,59,10/18/2024,7.226,1244,79%
tt10171472,Goodrich,110,R,6.3,5000,62,10/17/2024,6.449,107,82%
tt23770030,Memoir of a Snail,95,R,7.8,16000,81,10/17/2024,8.043,752,95%
tt28349451,The Shadow Strays,144,TV-MA,6.5,9000,73,10/17/2024,7.2,309,92%
tt9860566,Brothers,89,R,5.4,13000,50,10/17/2024,5.9,322,42%
tt26682012,Daddy's Head,92,TV-MA,5.6,4700,69,10/11/2024,5.996,141,N/A
tt27911000,Terrifier 3,125,Not Rated,6.3,47000,62,10/11/2024,6.788,1916,78%
tt27657135,Saturday Night,109,R,6.9,29000,60,10/11/2024,6.68,345,77%
tt20194882,Lonely Planet,94,R,5.7,11000,46,10/11/2024,6.1,202,39%
tt31064841,Piece by Piece,93,PG,6.9,5200,63,10/11/2024,7.246,142,83%
tt8368368,The Apprentice,122,R,7.1,51000,64,10/11/2024,6.9,936,82%
tt15552142,Caddo Lake,103,PG-13,6.8,41000,55,10/10/2024,7.217,448,77%
tt26757462,Hellboy: The Crooked Man,99,R,4.5,13000,44,10/8/2024,5.2,533,38%
tt21097228,A Different Man,112,R,6.9,28000,78,10/4/2024,6.928,425,93%
tt3954936,Monster Summer,97,PG-13,5.7,3500,54,10/4/2024,6.157,178,59%
tt11068094,White Bird,121,PG-13,7.3,5400,54,10/4/2024,7.825,231,76%
tt27729779,The Platform 2,99,TV-MA,4.9,39000,45,10/4/2024,5.563,1402,35%
tt14577874,It's What's Inside,103,R,6.6,41000,56,10/4/2024,6.468,774,N/A
tt11315808,Joker: Folie à Deux,138,R,5.2,157000,45,10/4/2024,5.4,2867,31%
tt11687002,The Outrun,118,R,6.9,14000,72,10/4/2024,6.812,325,82%
tt32880932,V/H/S/Beyond,114,Not Rated,5.8,9200,65,10/4/2024,6.566,288,90%
tt12573480,Hold Your Breath,94,R,5.3,8400,45,10/3/2024,5.9,265,40%
tt10245072,Salem's Lot,114,R,5.6,33000,47,10/3/2024,6.01,672,N/A
tt32086077,All We Imagine as Light,118,Unrated,7.1,9100,93,10/2/2024,6.83,227,100%
tt28658276,The 4:30 Movie,87,R,6,3600,52,10/1/2024,5.7,70,70%
tt21958136,The Wasp,96,R,6.1,4300,69,9/30/2024,6.252,127,76%
tt22173666,Azrael,86,R,5.4,10000,52,9/27/2024,5.906,406,71%
tt29623480,The Wild Robot,102,PG,8.2,154000,85,9/27/2024,8.307,5900,97%
tt10128846,Megalopolis,138,R,4.7,35000,55,9/27/2024,5.2,978,46%
tt18559464,My Old Ass,89,R,6.9,38000,74,9/27/2024,6.781,461,90%
tt14257582,Wolfs,108,R,6.5,80000,60,9/27/2024,6.535,1391,66%
tt14371860,Apartment 7A,107,R,5.9,16000,49,9/27/2024,6.14,381,45%
tt26745321,Armand,118,R,6.2,2400,61,9/27/2024,6.3,103,73%
tt27419292,Killer Heat,95,R,5.6,13000,33,9/26/2024,5.796,313,17%
tt14415204,Never Let Go,101,R,5.4,14000,55,9/20/2024,6.1,573,57%
tt28491891,His Three Daughters,101,R,7.2,17000,84,9/20/2024,6.844,276,97%
tt8864596,Transformers One,104,PG,7.6,48000,64,9/20/2024,7.974,1574,89%
tt17526714,The Substance,141,R,7.3,284000,78,9/20/2024,7.136,5872,89%
tt28618488,Vermiglio,119,Not Rated,6.9,3700,85,9/19/2024,7.058,308,93%
tt13186604,Uglies,100,PG-13,4.7,32000,34,9/13/2024,5.747,912,14%
tt5112584,Lee,117,R,6.9,24000,62,9/13/2024,7.021,595,68%
tt11433906,Winner,103,PG-13,6.5,2300,56,9/13/2024,7,67,54%
tt0327785,The Killer's Game,104,R,5.8,16000,36,9/13/2024,6.406,532,46%
tt31392609,How to Make Millions Before Grandma Dies,125,TV-PG,8,13000,74,9/13/2024,8.12,384,98%
tt13457790,The Critic,101,R,6,4600,54,9/13/2024,5.8,106,51%
tt27534307,Speak No Evil,110,R,6.8,93000,66,9/13/2024,7.136,2038,83%
tt9462944,Treasure,111,R,6.3,2000,44,9/12/2024,6.535,43,41%
tt11301886,Rebel Ridge,131,TV-MA,6.8,86000,76,9/6/2024,7,1580,95%
tt4058618,The Thicket,108,R,5.8,2900,55,9/6/2024,6.406,159,80%
tt21905744,The Front Room,94,R,4.6,5200,49,9/6/2024,5.012,123,40%
tt2049403,Beetlejuice Beetlejuice,105,PG-13,6.7,144000,62,9/6/2024,6.939,3063,75%
tt4853290,Out Come the Wolves,86,R,4.7,1400,68,9/5/2024,5.5,54,64%
tt6898324,City of Dreams,114,R,6.8,1100,14,8/30/2024,6.3,14,N/A
tt12616480,Slingshot,108,R,5.7,8900,52,8/30/2024,6.143,235,38%
tt4196566,The Deliverance,112,R,5.1,22000,39,8/30/2024,5.976,536,34%
tt1723808,Reagan,141,PG-13,6.2,11000,22,8/30/2024,6.3,110,N/A
tt4959750,1992,97,R,5.7,2900,44,8/30/2024,6.858,215,N/A
tt24577462,Afraid,84,PG-13,5.2,13000,28,8/30/2024,5.923,493,25%
tt15685360,You Gotta Believe,104,PG,5.8,1300,43,8/30/2024,7.2,43,55%
tt23468836,Touch,121,R,7.4,5300,74,8/30/2024,7.4,110,93%
tt1121948,The Killer,126,R,5.7,12000,60,8/23/2024,6.245,529,85%
tt20201748,Greedy People,112,R,6.2,11000,45,8/23/2024,6.4,249,60%
tt1340094,The Crow,111,R,4.7,33000,30,8/23/2024,5.813,1236,88%
tt28055434,Close to You,100,R,5.1,1200,55,8/23/2024,5.765,17,67%
tt22375054,Strange Darling,97,R,7.1,48000,80,8/23/2024,6.913,878,96%
tt14858658,Blink Twice,102,R,6.5,102000,66,8/23/2024,6.679,1851,75%
tt21284218,Incoming,91,R,5.8,14000,38,8/23/2024,6.2,347,24%
tt27722375,Between the Temples,111,R,6.3,2800,83,8/23/2024,5.5,52,84%
tt28223926,Skincare,96,R,5.7,4300,61,8/16/2024,6,113,68%
tt8609660,My Penguin Friend,97,PG,6.7,4800,70,8/16/2024,7.4,177,86%
tt18412256,Alien: Romulus,119,R,7.1,239000,64,8/16/2024,7.2,4441,80%
tt10740926,Rob Peace,120,R,6.6,1900,61,8/16/2024,6.757,74,75%
tt30319503,Dìdi,93,R,7.3,12000,78,8/16/2024,7.2,193,N/A
tt12610390,The Union,107,PG-13,5.4,52000,44,8/16/2024,6.073,1137,35%
tt26940324,Jackpot!,106,R,5.8,30000,41,8/15/2024,6.37,779,32%
tt13397574,Mothers' Instinct,94,R,6.3,20000,48,8/13/2024,6.865,646,55%
tt32627540,Watchmen: Chapter I,83,R,7,6300,71,8/13/2024,7.383,222,92%
tt10655524,It Ends with Us,130,PG-13,6.4,82000,53,8/9/2024,6.941,1886,55%
tt12349832,Cuckoo,102,R,5.7,25000,62,8/9/2024,5.7,481,79%
tt24169886,The Instigators,101,R,6.2,37000,48,8/9/2024,6.15,608,41%
tt4978420,Borderlands,101,PG-13,4.7,46000,26,8/9/2024,5.601,1461,10%
tt13097932,One Life,109,PG,7.5,33000,69,8/5/2024,7.766,939,91%
tt28479262,Sing Sing,107,R,7.7,18000,83,8/2/2024,7.43,348,97%
tt26753003,Trap,105,PG-13,5.8,132000,52,8/2/2024,6.236,2758,56%
tt1609486,Harold and the Purple Crayon,90,PG,5.7,8000,34,8/2/2024,6.64,354,27%
tt27367464,Kneecap,105,R,7.6,17000,76,8/2/2024,7.265,255,96%
tt14407336,The Beast,146,Unrated,6.5,9600,80,7/28/2024,6.3,252,86%
tt6263850,Deadpool & Wolverine,128,R,7.6,482000,56,7/26/2024,7.557,8466,78%
tt14539318,The Beast Within,97,R,4.2,4500,43,7/26/2024,5.698,220,40%
tt16280912,Humane,93,R,5.5,7100,59,7/26/2024,5.439,223,72%
tt20215816,The Fabulous Four,98,R,4.8,1500,44,7/26/2024,5.9,24,28%
tt12584954,Twisters,122,PG-13,6.5,162000,65,7/19/2024,6.778,2908,75%
tt5177114,Young Woman and the Sea,129,PG,7.5,17000,62,7/19/2024,7.864,419,88%
tt26470109,Oddity,98,R,6.7,40000,78,7/19/2024,6.655,747,96%
tt19862722,Find Me Falling,93,TV-MA,6.3,13000,50,7/19/2024,6.6,165,43%
tt30444418,Santosh,128,R,7,1500,75,7/17/2024,7.049,81,100%
tt1896747,Fly Me to the Moon,132,PG-13,6.6,48000,53,7/12/2024,6.803,1125,66%
tt26442871,Wildcat,103,Not Rated,5.8,1300,55,7/12/2024,5.6,30,59%
tt23468450,Longlegs,101,R,6.6,180000,77,7/12/2024,6.53,2579,85%
tt22048412,MaXXXine,103,R,6.3,68000,64,7/5/2024,6.301,1438,73%
tt28259207,Kill,105,R,7.5,39000,74,7/4/2024,7.095,480,90%
tt3083016,Beverly Hills Cop: Axel F,118,R,6.4,81000,53,7/3/2024,6.655,1402,63%
tt7510222,Despicable Me 4,94,PG,6.2,63000,52,7/3/2024,6.982,3147,55%
tt13433802,A Quiet Place: Day One,99,PG-13,6.3,146000,68,6/28/2024,6.653,3266,86%
tt17505010,Horizon: An American Saga - Chapter 1,181,R,6.7,39000,49,6/28/2024,6.814,640,51%
tt16491560,A Sacrifice,94,R,5.1,5100,44,6/28/2024,5.7,127,24%
tt28366692,Janet Planet,113,PG-13,6.2,3000,83,6/28/2024,6.155,55,85%
tt30321146,In a Violent Nature,94,Not Rated,5.6,25000,68,6/28/2024,5.6,522,79%
tt22408160,Kinds of Kindness,164,R,6.5,58000,64,6/28/2024,6.497,1245,71%
tt21051906,A Family Affair,111,PG-13,5.3,36000,43,6/28/2024,5.736,713,40%
tt12735488,Kalki 2898 AD,180,Not Rated,7,66000,65,6/27/2024,6.418,171,77%
tt7461686,Daddio,100,R,6.6,11000,62,6/27/2024,6.288,307,75%
tt23330554,Winnie-the-Pooh: Blood and Honey 2,93,Not Rated,4.7,11000,27,6/26/2024,5.773,465,N/A
tt28620587,I Am: Celine Dion,103,PG,7.7,7800,76,6/25/2024,7.662,157,100%
tt21454134,The Bikeriders,116,R,6.6,66000,70,6/21/2024,6.674,1112,79%
tt23778968,Thelma,98,PG-13,7,22000,77,6/21/2024,6.854,391,98%
tt11240348,The Exorcism,95,R,4.2,11000,46,6/21/2024,5,412,26%
tt5834874,Trigger Warning,106,TV-MA,4.6,19000,36,6/21/2024,5.688,569,20%
tt20420628,Freud's Last Session,110,PG-13,6.1,6400,48,6/14/2024,6.6,170,43%
tt15000156,Firebrand,121,R,6.3,5200,54,6/14/2024,6.337,148,58%
tt22022452,Inside Out 2,96,PG,7.5,212000,73,6/14/2024,7.5,6589,91%
tt14682800,Tuesday,110,R,6.3,3900,69,6/14/2024,6.807,101,76%
tt30321095,Ghostlight,115,R,7.6,5600,83,6/14/2024,7.1,97,99%
tt4919268,Bad Boys: Ride or Die,115,R,6.5,98000,54,6/7/2024,7.3,3278,65%
tt26736843,The Watchers,102,PG-13,5.7,56000,46,6/7/2024,6.351,1552,33%
tt13429870,Robot Dreams,103,PG-13,7.6,21000,87,6/7/2024,8,775,98%
tt20215968,Hit Man,115,R,6.8,113000,82,6/7/2024,6.794,1594,95%
tt24244436,Housekeeping for Beginners,107,R,7,1100,80,6/7/2024,6.7,23,94%
tt11225626,Am I OK?,86,R,6.1,11000,72,6/6/2024,6.336,327,81%
tt10245106,Dreamin' Wild,111,PG,6.4,1500,66,6/6/2024,6.1,28,N/A
tt13964390,Under Paris,104,TV-MA,5.2,36000,57,6/5/2024,5.913,1391,64%
tt26448981,Orlando: My Political Biography,98,Unrated,7,609,79,6/5/2024,6.9,18,94%
tt26928684,Summer Camp,95,PG-13,4.5,1500,41,5/31/2024,5.3,43,8%
tt22773644,The Dead Don't Hurt,129,R,6.4,8300,70,5/31/2024,6.505,203,86%
tt30476486,Haikyu!! The Dumpster Battle,85,PG-13,7.7,6000,67,5/31/2024,7.7,235,76%
tt20315818,Ezra,101,R,6.5,4700,57,5/30/2024,6.913,109,70%
tt5779228,The Garfield Movie,101,PG,5.7,24000,31,5/24/2024,6.998,1418,36%
tt14137416,Kidnapped: The Abduction of Edgardo Mortara,134,Not Rated,7,4100,75,5/24/2024,7.316,359,86%
tt14856980,Atlas,118,PG-13,5.6,55000,37,5/24/2024,6.672,1533,18%
tt12037194,Furiosa: A Mad Max Saga,148,R,7.5,281000,79,5/24/2024,7.452,4776,90%
tt12873300,Sight,103,PG-13,6.6,1700,42,5/24/2024,6.333,39,74%
tt18573650,The Blue Angels,93,G,7.3,2700,66,5/23/2024,6.6,30,83%
tt13231544,About Dry Grasses,197,Not Rated,7.7,17000,88,5/21/2024,7.657,162,92%
tt21276958,Babes,104,R,6.3,6200,72,5/17/2024,5.846,81,87%
tt21261712,Back to Black,122,R,6.3,26000,43,5/17/2024,6.655,692,35%
tt11152168,IF,104,PG,6.4,57000,46,5/17/2024,6.963,1575,51%
tt15574270,I Saw the TV Glow,100,PG-13,5.8,35000,86,5/17/2024,6.1,654,85%
tt22050754,The Strangers: Chapter 1,91,R,4.6,22000,43,5/17/2024,5.656,730,21%
tt11674730,The Last Stop in Yuma County,90,R,6.9,18000,72,5/10/2024,6.9,337,97%
tt11389872,Kingdom of the Planet of the Apes,145,PG-13,6.9,150000,66,5/10/2024,7.1,4194,80%
tt18077924,Poolman,100,R,4,2600,29,5/9/2024,4.4,62,24%
tt26926267,Mother of the Bride,88,TV-PG,4.8,17000,39,5/9/2024,5.9,345,13%
tt0065976,Let It Be,81,G,7.6,8200,72,5/8/2024,7.542,166,81%
tt26915336,Mars Express,88,Not Rated,7.5,11000,76,5/3/2024,7.461,519,100%
tt1684562,The Fall Guy,126,PG-13,6.8,217000,73,5/3/2024,6.957,3641,82%
tt14914430,Unfrosted,97,PG-13,5.5,35000,42,5/3/2024,5.347,350,39%
tt14088510,Tarot,92,PG-13,4.8,31000,36,5/3/2024,6.364,1374,17%
tt19637052,Love Lies Bleeding,104,R,6.6,56000,77,5/3/2024,6.557,939,94%
tt9466114,The Idea of You,115,R,6.3,72000,67,5/2/2024,7.3,1901,80%
tt20316748,Twilight of the Warriors: Walled In,126,R,7,9000,77,5/1/2024,7,432,90%
tt24131288,Cash Out,92,R,4.8,2900,46,4/27/2024,6.2,239,20%
tt16426418,Challengers,131,R,7,152000,82,4/26/2024,6.915,2633,88%
tt13923084,Boy Kills World,111,R,6.4,35000,47,4/26/2024,6.712,793,58%
tt26744289,Infested,106,Not Rated,6.2,12000,70,4/26/2024,6.567,566,95%
tt23638614,Unsung Hero,113,PG,7,4900,46,4/26/2024,6.969,80,N/A
tt26315142,Totem,95,Unrated,7,3700,91,4/23/2024,6.833,90,N/A
tt15353574,Hard Miles,108,PG-13,6.4,1100,70,4/19/2024,6.771,35,90%
tt5177120,The Ministry of Ungentlemanly Warfare,122,R,6.8,132000,55,4/19/2024,7.016,1833,68%
tt27489557,Abigail,109,R,6.6,95000,62,4/19/2024,6.672,2014,83%
tt30180830,Sasquatch Sunset,88,R,5.4,5300,66,4/19/2024,5.685,92,71%
tt23137904,Rebel Moon - Part Two: The Scargiver,122,PG-13,5.3,59000,35,4/19/2024,6.1,1442,N/A
tt19869662,Irena's Vow,121,R,6.7,2100,77,4/19/2024,7.404,109,N/A
tt26684398,Spy x Family Code: White,110,PG-13,7.3,6600,68,4/19/2024,7.123,619,94%
tt7575046,Riddle of Fire,115,PG-13,6.5,1800,58,4/17/2024,7.2,50,79%
tt20112746,Sting,91,R,5.7,16000,57,4/12/2024,6.194,499,70%
tt7738330,The Long Game,112,PG,6.7,6900,65,4/12/2024,7.141,85,82%
tt22939186,Arcadian,92,R,5.5,23000,57,4/12/2024,6.039,832,N/A
tt10353588,The Absence of Eden,85,R,4.8,628,55,4/12/2024,5.4,20,41%
tt17279496,Civil War,109,R,7,233000,75,4/12/2024,6.9,4241,81%
tt15140278,Coup de Chance,93,PG-13,6.4,9800,64,4/5/2024,6.171,430,84%
tt21279806,Scoop,102,TV-14,6.5,20000,63,4/5/2024,6.297,237,76%
tt22890246,How to Have Sex,91,Not Rated,6.5,20000,79,4/5/2024,6.244,483,97%
tt5672290,The First Omen,119,R,6.5,63000,65,4/5/2024,6.82,1272,83%
tt20234774,Wicked Little Letters,100,R,7,37000,58,4/5/2024,6.934,654,80%
tt17009348,DogMan,115,R,6.8,19000,45,4/5/2024,7.9,1357,59%
tt9214772,Monkey Man,121,R,6.8,90000,70,4/5/2024,6.9,1371,89%
tt22004344,Snack Shack,112,R,7,12000,64,4/2/2024,7.1,226,82%
tt9663896,Asphalt City,125,R,6.1,7300,47,3/29/2024,6.166,202,46%
tt14539740,Godzilla x Kong: The New Empire,115,PG-13,6.1,120000,47,3/29/2024,7.047,4590,54%
tt10370812,The Settlers,97,Not Rated,6.9,5700,80,3/29/2024,6.775,149,94%
tt14561712,La Chimera,131,Not Rated,7.3,17000,91,3/29/2024,7.3,556,95%
tt15782690,In the Land of Saints and Sinners,106,R,6.4,26000,60,3/29/2024,6.466,581,83%
tt21103576,Fitting In,105,R,6.1,1100,67,3/23/2024,6.5,62,96%
tt15078804,Problemista,104,R,6.8,8200,68,3/22/2024,6.809,144,85%
tt15560314,The Monk and the Gun,107,PG-13,7.1,3500,74,3/22/2024,7.25,116,94%
tt21235248,Ghostbusters: Frozen Empire,115,PG-13,6.1,92000,46,3/22/2024,6.454,2124,42%
tt14966898,Late Night with the Devil,93,R,7,121000,72,3/22/2024,7.112,2054,97%
tt8542964,Sleeping Dogs,110,R,6.2,21000,45,3/22/2024,6.989,588,43%
tt23137390,Immaculate,89,R,5.8,52000,57,3/22/2024,6.2,1599,72%
tt17009710,Anatomy of a Fall,151,R,7.6,172000,86,3/22/2024,7.524,3230,96%
tt3359350,Road House,121,R,6.2,166000,57,3/21/2024,6.923,2944,N/A
tt30007864,The American Society of Magical Negroes,104,PG-13,3.7,12000,50,3/15/2024,4.8,141,25%
tt10720352,Arthur the King,107,PG-13,7,34000,54,3/15/2024,7.5,913,70%
tt21957774,Irish Wish,93,TV-PG,5.2,21000,46,3/15/2024,6.135,513,41%
tt20115766,Knox Goes Away,114,R,7,26000,54,3/15/2024,7,483,66%
tt14852624,Stopmotion,93,R,5.6,9700,65,3/15/2024,6.181,215,91%
tt16431966,Sometimes I Think About Dying,94,PG-13,6.6,6400,68,3/12/2024,6.799,139,82%
tt22866050,Dandelion,113,R,5.3,388,66,3/10/2024,4.409,11,75%
tt26658104,Imaginary,104,PG-13,4.7,17000,34,3/8/2024,5.9,679,25%
tt21692408,Kung Fu Panda 4,94,PG,6.3,67000,54,3/8/2024,7.001,3449,71%
tt9201172,Accidental Texan,104,PG-13,5.9,766,51,3/8/2024,6.2,16,50%
tt13884444,American Dreamer,98,R,6,2300,53,3/8/2024,5.822,73,49%
tt14351082,Cabrini,142,PG-13,7.3,8500,51,3/8/2024,7.777,159,90%
tt13452446,Damsel,110,PG-13,6.1,108000,46,3/8/2024,6.984,2740,56%
tt1660648,Ricky Stanicky,113,R,6.2,55000,44,3/7/2024,6.522,765,45%
tt21987878,Day of the Fight,108,R,7,472,64,3/7/2024,6.9,28,85%
tt11097384,Spaceman,107,R,5.7,42000,55,3/1/2024,6.705,1024,50%
tt15239678,Dune: Part Two,166,PG-13,8.5,615000,79,3/1/2024,8.129,7787,92%
tt21270966,Scrambled,100,R,5.8,1500,70,3/1/2024,5.392,37,94%
tt26861992,Mea Culpa,120,R,4.2,7000,33,2/23/2024,5.618,199,18%
tt30395619,Demon Slayer: Kimetsu No Yaiba - To the Hashira Training,104,R,7.1,8300,61,2/23/2024,6.512,483,N/A
tt4996328,Ordinary Angels,118,PG,7.4,15000,57,2/23/2024,7.685,372,84%
tt19356262,Drive-Away Dolls,84,R,5.4,23000,56,2/23/2024,5.513,561,64%
tt7160372,The Zone of Interest,105,PG-13,7.3,132000,92,2/20/2024,7.012,2550,93%
tt19864802,Land of Bad,113,R,6.6,50000,57,2/16/2024,7.253,1445,66%
tt30215084,This Is Me... Now,65,PG-13,4.1,7100,61,2/16/2024,5.3,90,N/A
tt24216998,Humanist Vampire Seeking Consenting Suicidal Person,90,Unrated,7,8000,70,2/15/2024,7.38,371,90%
tt11057302,Madame Web,116,PG-13,4,99000,26,2/14/2024,5.301,2528,10%
tt8521778,Bob Marley: One Love,107,PG-13,6.2,34000,43,2/14/2024,6.6,949,43%
tt17527468,Bottoms,91,R,6.7,52000,74,2/14/2024,6.8,829,91%
tt21830902,Upgraded,104,R,6.1,29000,59,2/9/2024,7.177,991,76%
tt7527682,Out of Darkness,88,R,5.5,7100,68,2/9/2024,5.7,124,85%
tt19760052,The Taste of Things,135,PG-13,7.4,17000,85,2/9/2024,7.1,378,97%
tt21188080,Lisa Frankenstein,101,PG-13,6.1,28000,47,2/9/2024,6.3,558,52%
tt20256448,Force of Nature: The Dry 2,120,R,5.9,6800,58,2/8/2024,6.296,260,66%
tt15009428,Argylle,139,PG-13,5.6,92000,35,2/2/2024,5.994,1707,33%
tt28066777,Orion and the Dark,93,TV-Y7,6.3,17000,72,2/2/2024,6.527,630,91%
tt22778346,The Seeding,100,TV-MA,5,2200,47,1/26/2024,5.09,78,54%
tt19984386,American Star,107,R,5.5,2400,66,1/26/2024,5.7,57,78%
tt21222462,The Good Mother,90,R,4.7,2500,45,1/26/2024,4.9,75,22%
tt15771916,You Hurt My Feelings,93,R,6.5,16000,80,1/26/2024,6.324,182,94%
tt8310486,Miller's Girl,93,R,5.2,23000,41,1/26/2024,6.331,928,N/A
tt13818368,Fighter,166,Not Rated,6.2,52000,63,1/25/2024,6.141,156,38%
tt21810682,The End We Start From,102,R,5.9,7900,65,1/19/2024,5.8,129,89%
tt13655120,I.S.S.,95,R,5.3,12000,53,1/19/2024,5.791,375,61%
tt13321244,Origin,141,PG-13,7.2,7200,75,1/19/2024,6.4,72,82%
tt20424130,Mob Land,112,R,5.3,3500,47,1/17/2024,5.537,94,47%
tt22207786,Red Rooms,118,Not Rated,7.1,14000,80,1/17/2024,7.1,466,96%
tt11762114,Mean Girls,112,PG-13,5.5,37000,58,1/12/2024,5.9,710,68%
tt15314262,The Beekeeper,105,R,6.3,153000,53,1/12/2024,7.242,4117,71%
tt26084002,Self Reliance,85,R,6,18000,59,1/12/2024,5.908,300,73%
tt22866358,The Book of Clarence,129,PG-13,5.7,7200,57,1/12/2024,5.871,132,65%
tt24078380,The Disappearance of Shere Hite,118,R,7.5,667,83,1/12/2024,3.9,7,100%
tt12964320,Role Play,100,R,5.5,19000,38,1/12/2024,5.966,624,100%
tt14371878,Lift,107,PG-13,5.5,49000,40,1/12/2024,6.433,1428,31%
tt21874760,The Coffee Table,89,16+,6.7,9200,72,1/11/2024,6.924,291,89%
tt9682428,Night Swim,98,PG-13,4.7,27000,43,1/5/2024,5.504,834,19%
tt19864828,Memory,103,R,6.7,8800,71,1/5/2024,7.1,203,85%
tt16277242,Society of the Snow,144,R,7.8,160000,72,1/4/2024,7.976,3461,90%
tt3758542,Ferrari,130,R,6.4,62000,73,12/25/2023,6.4,1232,73%
tt1200263,The Color Purple,141,PG-13,6.8,19000,72,12/25/2023,7.007,350,81%
tt1856080,The Boys in the Boat,123,PG-13,7,27000,54,12/25/2023,7.24,346,57%
tt26047818,Anyone But You,103,R,6.1,141000,52,12/22/2023,6.79,3006,53%
tt23561236,American Fiction,117,R,7.5,110000,81,12/22/2023,7.265,1305,93%
tt11534720,All Dirt Roads Taste of Salt,92,PG,5.9,1300,87,12/22/2023,5.8,23,90%
tt17351924,Saltburn,131,R,7,242000,61,12/22/2023,6.955,2872,72%
tt14230458,Poor Things,141,R,7.8,336000,88,12/22/2023,7.648,5416,92%
tt21064584,The Iron Claw,132,R,7.6,103000,73,12/22/2023,7.507,1214,89%
tt6495056,Migration,83,PG,6.6,39000,56,12/22/2023,7.348,2212,73%
tt21192142,All of Us Strangers,105,R,7.6,70000,90,12/22/2023,7.395,994,96%
tt9663764,Aquaman and the Lost Kingdom,124,PG-13,5.6,105000,42,12/22/2023,6.527,3440,33%
tt14998742,Rebel Moon - Part One: A Child of Fire,133,PG-13,5.6,135000,31,12/21/2023,6.217,2513,22%
tt27503384,Perfect Days,124,PG,7.9,80000,80,12/21/2023,7.79,1861,96%
tt5535276,Maestro,129,R,6.5,67000,77,12/20/2023,6.266,824,N/A
tt16431870,The Family Plan,118,PG-13,6.3,52000,39,12/15/2023,7.225,1847,29%
tt8337264,Chicken Run: Dawn of the Nugget,98,PG,6.3,27000,63,12/15/2023,6.927,872,83%
tt7991508,Finestkind,126,R,6.1,11000,44,12/15/2023,6.888,330,28%
tt6166392,Wonka,116,PG,7,175000,66,12/15/2023,7.041,4336,82%
tt6337816,Monica,106,R,6.3,1600,75,12/15/2023,5.583,48,84%
tt18558306,The Delinquents,189,Unrated,6.8,4300,85,12/15/2023,6.4,95,86%
tt28097834,The Mission,103,PG-13,6.3,1200,74,12/8/2023,6.6,23,94%
tt5198890,Eileen,97,R,5.9,17000,72,12/8/2023,5.8,375,81%
tt27145269,Mr. Monk's Last Case: A Monk Movie,97,TV-PG,6.7,11000,65,12/8/2023,6.9,231,92%
tt12747748,Leave the World Behind,138,R,6.4,228000,68,12/8/2023,6.377,3169,73%
tt6587046,The Boy and the Heron,124,PG-13,7.4,93000,91,12/8/2023,7.408,2588,96%
tt24076146,The Persian Version,107,R,6.2,4300,61,12/5/2023,5.9,37,84%
tt13651794,May December,117,R,6.8,68000,86,12/1/2023,6.575,1014,91%
tt13751694,Animal,204,Not Rated,6.1,105000,33,12/1/2023,6.116,186,26%
tt15799866,Silent Night,104,R,5.3,25000,53,12/1/2023,6.155,932,60%
tt27619382,It's a Wonderful Knife,87,R,5.2,8600,52,12/1/2023,5.061,180,55%
tt29354040,Renaissance: A Film by Beyoncé,169,Not Rated,8.6,3700,86,12/1/2023,8.2,36,98%
tt23289160,Godzilla Minus One,124,PG-13,7.7,168000,81,12/1/2023,7.573,3082,99%
tt14227048,Family Switch,106,PG,5.7,30000,37,11/30/2023,6.389,772,47%
tt25470468,Beyond Utopia,115,PG-13,7.9,4500,85,11/28/2023,7.8,62,100%
tt25289836,Good Burger 2,90,TV-PG,5.3,4200,48,11/22/2023,6.3,110,56%
tt13287846,Napoleon,158,R,6.3,171000,64,11/22/2023,6.3,3045,58%
tt21942866,Dream Scenario,102,R,6.8,84000,74,11/22/2023,6.649,1286,91%
tt11304740,Wish,95,PG,5.6,46000,47,11/22/2023,6.222,1760,48%
tt23736044,Monster,127,PG-13,7.8,34000,79,11/22/2023,7.921,855,97%
tt21996838,Mister Organ,96,TV-MA,6.6,1400,72,11/21/2023,6.6,17,95%
tt5755238,Leo,102,PG,7,42000,65,11/21/2023,7.378,1320,82%
tt14362112,Trolls Band Together,91,PG,6,18000,53,11/17/2023,7.2,972,64%
tt10545296,The Hunger Games: The Ballad of Songbirds & Snakes,157,PG-13,6.7,155000,54,11/17/2023,6.986,3456,64%
tt1448754,Thanksgiving,106,R,6.2,70000,63,11/17/2023,6.472,1548,83%
tt10767052,Next Goal Wins,104,PG-13,6.5,29000,44,11/17/2023,6.42,567,46%
tt21335356,Please Don't Destroy: The Treasure of Foggy Mountain,92,R,6,9900,49,11/17/2023,6.123,150,42%
tt7645334,Landscape with Invisible Hand,105,R,5.9,4100,53,11/16/2023,5.9,108,72%
tt16424988,Your Lucky Day,89,R,5.9,3800,64,11/14/2023,5.9,88,90%
tt21867434,BlackBerry,120,R,7.3,55000,78,11/13/2023,7.144,852,97%
tt14849194,The Holdovers,133,R,7.9,197000,82,11/10/2023,7.651,2451,97%
tt1136617,The Killer,118,R,6.7,209000,73,11/10/2023,6.6,2764,85%
tt10676048,The Marvels,105,PG-13,5.5,146000,50,11/10/2023,5.941,3306,63%
tt2950418,Greater,130,PG,7.3,9300,35,11/8/2023,7.188,112,75%
tt8258502,Foe,110,R,5.4,12000,44,11/7/2023,5.776,292,24%
tt8002382,The Marsh King's Daughter,109,R,5.9,14000,47,11/3/2023,6.366,387,40%
tt22041854,Priscilla,113,R,6.5,46000,79,11/3/2023,6.716,1063,84%
tt14570440,Radical,125,PG-13,7.8,6600,70,11/3/2023,8.322,498,96%
tt5302918,Nyad,121,PG-13,7.1,43000,63,11/3/2023,7.079,537,86%
tt19890316,What Happens Later,103,R,4.8,4500,59,11/3/2023,4.8,92,51%
tt15744298,Freelance,108,R,5.5,25000,26,10/27/2023,6.4,1133,10%
tt15257160,Pain Hustlers,123,R,6.6,52000,44,10/27/2023,6.654,760,23%
tt4589218,Five Nights at Freddy's,109,PG-13,5.4,110000,33,10/27/2023,7.3,4959,33%
tt21191906,After Death,108,PG-13,6.3,1900,28,10/27/2023,7.1,52,47%
tt16300962,When Evil Lurks,99,Not Rated,6.9,50000,75,10/27/2023,7.151,1412,96%
tt1462759,Butcher's Crossing,105,R,5.6,6200,55,10/26/2023,5.879,202,72%
tt15768848,The Pod Generation,110,PG-13,5.6,6100,60,10/25/2023,6,248,43%
tt18394190,Old Dads,104,R,6.2,45000,42,10/20/2023,6.209,443,27%
tt9100018,Cobweb,88,R,5.9,41000,50,10/20/2023,6.437,1043,75%
tt7130916,Dicks: The Musical,86,R,5.3,3800,57,10/20/2023,4.3,54,68%
tt5537002,Killers of the Flower Moon,206,R,7.6,279000,89,10/20/2023,7.399,4065,93%
tt10651230,The Peasants,114,R,7.6,7900,61,10/13/2023,7.513,159,61%
tt5648882,The Burial,126,R,7.1,40000,74,10/13/2023,7.079,606,N/A
tt6689014,She Came to Me,102,R,6,8000,53,10/12/2023,6.121,161,48%
tt28814949,Taylor Swift: The Eras Tour,169,PG-13,8,24000,82,10/12/2023,8.189,514,N/A
tt28639049,We Grown Now,93,PG,6.8,1200,76,10/11/2023,6.7,34,93%
tt15488088,Moving On,85,R,6,4000,60,10/11/2023,5.8,104,73%
tt16304446,Fair Play,113,R,6.4,44000,73,10/6/2023,6.318,615,86%
tt11426232,Totally Killer,106,R,6.5,62000,62,10/6/2023,6.791,1087,85%
tt16252698,Passages,91,Unrated,6.6,14000,80,10/6/2023,6.354,226,94%
tt18363072,The Royal Hotel,91,R,5.8,14000,77,10/6/2023,5.367,256,89%
tt11242654,They Shot the Piano Player,104,PG-13,6.6,852,74,10/6/2023,6.4,37,79%
tt21376900,Bobi Wine: The People's President,113,PG-13,7.1,1900,72,10/6/2023,6.7,31,100%
tt12921446,The Exorcist: Believer,111,R,4.8,46000,39,10/6/2023,5.811,1248,22%
tt14647404,Cat Person,118,R,6,7400,48,10/6/2023,5.731,108,47%
tt20561198,The Promised Land,127,R,7.7,32000,77,10/5/2023,7.683,563,97%
tt13200006,Shayda,117,PG-13,6.7,1200,76,10/5/2023,6.7,19,97%
tt13274016,Reptile,134,R,6.8,102000,52,9/29/2023,6.672,1195,44%
tt15837338,PAW Patrol: The Mighty Movie,88,PG,5.9,5800,49,9/29/2023,6.995,537,72%
tt21807222,Saw X,118,R,6.6,88000,60,9/29/2023,7.2,2330,81%
tt11858890,The Creator,133,PG-13,6.7,184000,63,9/29/2023,7.006,3758,67%
tt13957560,Dumb Money,105,R,6.9,56000,66,9/29/2023,6.669,782,84%
tt11908172,The Kill Room,98,R,5.5,8400,58,9/29/2023,5.9,287,59%
tt0308129,Conspiracy of Silence,90,Not Rated,6.5,443,46,9/25/2023,4.4,11,33%
tt14509110,No One Will Save You,93,PG-13,6.3,74000,60,9/22/2023,6.676,1418,83%
tt15683734,It Lives Inside,99,PG-13,5.2,8500,50,9/22/2023,5.683,282,64%
tt3291150,The Expendables 4,103,R,4.8,49000,30,9/22/2023,6.073,1848,14%
tt20358284,The Lesson,103,R,6.1,3300,62,9/22/2023,5.7,83,77%
tt13729232,The Origin of Evil,123,R,6.6,2000,68,9/22/2023,6.426,156,93%
tt22687790,A Haunting in Venice,103,PG-13,6.5,130000,63,9/15/2023,6.574,2786,76%
tt8667828,Outlaw Johnny Black,130,PG-13,5.6,1800,54,9/15/2023,5.4,35,66%
tt5822848,The Inventor,100,PG,5.7,784,66,9/15/2023,6.5,24,N/A
tt2183014,Love at First Sight,91,PG-13,6.8,39000,55,9/15/2023,7.209,683,76%
tt21027780,Fallen Leaves,81,Unrated,7.3,32000,86,9/14/2023,7.126,726,97%
tt21232992,Theater Camp,92,PG-13,6.9,18000,70,9/14/2023,6.507,205,86%
tt14781036,Inside,105,R,5.5,20000,53,9/12/2023,5.7,514,N/A
tt8511466,Aporia,104,R,5.6,2400,60,9/12/2023,6.2,103,91%
tt21103300,My Big Fat Greek Wedding 3,92,PG-13,5.2,11000,35,9/8/2023,5.9,218,31%
tt10160976,The Nun II,110,R,5.6,69000,47,9/8/2023,6.6,2432,51%
tt9428746,Aristotle and Dante Discover the Secrets of the Universe,98,PG-13,7.1,2900,69,9/8/2023,7.472,54,88%
tt14225838,Io Capitano,121,Not Rated,7.6,16000,79,9/7/2023,7.798,806,96%
tt9048804,Birth/Rebirth,98,R,6.2,7800,78,9/5/2023,6.5,171,95%
tt17024450,The Equalizer 3,109,R,6.8,143000,58,9/1/2023,7.29,3647,76%
tt6906292,Retribution,91,R,5.3,25000,43,8/25/2023,6.539,1342,30%
tt4495098,Gran Turismo,134,PG-13,7.1,119000,48,8/25/2023,7.705,3331,N/A
tt14454876,Golda,100,PG-13,6,14000,48,8/25/2023,6.3,200,54%
tt21276878,You Are So Not Invited to My Bat Mitzvah,103,PG-13,5.9,26000,71,8/25/2023,6.421,494,91%
tt8649252,Scrapper,84,Not Rated,6.9,7500,74,8/25/2023,6.666,175,94%
tt8051894,The Hill,126,PG,6.7,7700,48,8/25/2023,7.7,300,44%
tt15153532,Strays,93,R,6.3,35000,54,8/18/2023,7.168,992,N/A
tt27074938,Every Body,92,R,6.6,1000,77,8/18/2023,6,13,98%
tt9362930,Blue Beetle,127,PG-13,5.9,107000,61,8/18/2023,6.636,3057,78%
tt6048442,Back on the Strip,117,R,4.2,773,48,8/18/2023,5.6,34,25%
tt1001520,The Last Voyage of the Demeter,118,R,6.1,62000,52,8/11/2023,6.751,1903,N/A
tt10172266,"Red, White & Royal Blue",118,R,6.9,57000,62,8/11/2023,7.937,1527,75%
tt15428940,Jules,87,PG-13,6.8,15000,57,8/11/2023,7.2,383,86%
tt13603966,Heart of Stone,122,PG-13,5.7,65000,44,8/11/2023,6.73,1881,31%
tt9224104,Meg 2: The Trench,116,PG-13,5,91000,40,8/4/2023,6.378,3917,27%
tt21979910,The Passenger,94,Unrated,6.4,10000,62,8/4/2023,6.235,181,88%
tt14483774,Shortcomings,92,R,6.4,4200,67,8/4/2023,6,83,85%
tt8589698,Teenage Mutant Ninja Turtles: Mutant Mayhem,99,PG,7.2,72000,74,8/2/2023,7.2,1564,95%
tt12121582,When You Finish Saving the World,88,R,5.6,5400,61,7/31/2023,5.8,127,62%
tt22528178,Kokomo City,73,R,7.1,1400,79,7/28/2023,6.7,21,99%
tt10638522,Talk to Me,95,R,7.1,179000,76,7/28/2023,7.136,3665,N/A
tt15242330,The First Slam Dunk,124,PG-13,8.1,11000,79,7/28/2023,7.785,521,100%
tt21991654,Sympathy for the Devil,90,Unrated,5.5,13000,54,7/28/2023,5.915,324,60%
tt1695843,Haunted Mansion,123,PG-13,6,47000,47,7/28/2023,6.431,1219,38%
tt15509244,Happiness for Beginners,103,TV-14,6.1,21000,48,7/27/2023,6.15,307,35%
tt15398776,Oppenheimer,180,R,8.3,869000,90,7/21/2023,8,11599,93%
tt9873892,They Cloned Tyrone,122,R,6.6,45000,74,7/21/2023,6.563,729,95%
tt1517268,Barbie,114,PG-13,6.8,601000,80,7/21/2023,6.9,10964,88%
tt18317064,Tori and Lokita,88,Not Rated,7.1,3300,78,7/18/2023,6.8,91,87%
tt12712604,The Miracle Club,90,PG-13,6.4,7200,49,7/14/2023,6.316,147,68%
tt9603212,Mission: Impossible - Dead Reckoning Part One,163,PG-13,7.6,282000,81,7/12/2023,7.5,5040,96%
tt21156390,The Starling Girl,117,R,6.7,2800,78,7/11/2023,6.4,75,92%
tt13405778,Insidious: The Red Door,107,PG-13,5.5,57000,45,7/7/2023,6.5,1936,39%
tt15268244,Joy Ride,95,R,6.4,27000,74,7/7/2023,6.502,473,90%
tt11274492,The Out-Laws,95,R,5.4,39000,36,7/7/2023,5.984,793,22%
tt27502426,Four Daughters,107,Not Rated,7.4,3900,80,7/5/2023,7.472,107,96%
tt7599146,Sound of Freedom,131,PG-13,7.6,129000,36,7/4/2023,7.956,2724,58%
tt27155038,Ruby Gillman: Teenage Kraken,91,PG,5.7,13000,50,6/30/2023,7.167,1097,65%
tt19500164,Nimona,101,PG,7.5,56000,75,6/30/2023,7.9,1358,92%
tt1462764,Indiana Jones and the Dial of Destiny,154,PG-13,6.5,218000,58,6/30/2023,6.5,4086,71%
tt14030682,Who We Are: A Chronicle of Racism in America,117,PG-13,7.7,1300,73,6/29/2023,8,12,98%
tt19319352,Mayhem!,99,R,6.3,3000,55,6/28/2023,6.691,215,81%
tt13483866,Linoleum,101,TV-PG,6.5,3900,80,6/24/2023,6.3,80,82%
tt14270702,God Is a Bullet,156,Not Rated,5.7,8200,31,6/23/2023,6,245,24%
tt19896150,The Angry Black Girl and Her Monster,91,Not Rated,5.4,2300,62,6/23/2023,6.071,70,84%
tt15671028,No Hard Feelings,103,R,6.3,192000,59,6/23/2023,6.678,3757,71%
tt13238346,Past Lives,105,PG-13,7.8,149000,94,6/23/2023,7.7,2262,95%
tt14230388,Asteroid City,105,PG-13,6.4,130000,76,6/23/2023,6.452,2449,76%
tt19623228,Godland,143,Unrated,7.1,8500,81,6/20/2023,6.8,197,92%
tt11703244,The Blackening,97,R,6,22000,67,6/16/2023,5.9,394,87%
tt12263384,Extraction II,122,R,7,162000,57,6/16/2023,7.386,2849,80%
tt0439572,The Flash,144,PG-13,6.6,231000,55,6/16/2023,6.617,4925,63%
tt15789038,Elemental,101,PG,7,148000,58,6/16/2023,7.578,5237,73%
tt6875952,Carmen,116,R,5.7,1400,59,6/14/2023,6.175,60,62%
tt5090568,Transformers: Rise of the Beasts,127,PG-13,6,120000,42,6/9/2023,7.175,5222,51%
tt9201772,Mending the Line,122,R,6.7,1800,56,6/9/2023,6.6,35,77%
tt8105234,Flamin' Hot,99,PG-13,6.8,19000,58,6/9/2023,7.949,799,N/A
tt3427252,The Boogeyman,98,PG-13,5.9,49000,55,6/2/2023,6.388,1065,60%
tt18272884,Padre Pio,104,R,4.5,1600,41,6/2/2023,4.9,40,34%
tt9362722,Spider-Man: Across the Spider-Verse,140,PG,8.5,444000,86,6/2/2023,8.333,8445,95%
tt12229370,Mothering Sunday,104,R,6.1,5400,66,6/1/2023,5.4,127,77%
tt24068064,Reality,83,TV-MA,6.7,26000,84,5/29/2023,6.421,587,94%
tt15342244,Master Gardener,111,R,6.1,12000,63,5/26/2023,6,328,71%
tt11040844,The Machine,112,R,5.7,17000,37,5/26/2023,5.801,204,31%
tt8373206,About My Father,90,PG-13,5.7,16000,39,5/26/2023,6,407,37%
tt5761544,Kandahar,119,R,6.1,40000,52,5/26/2023,6.765,1213,45%
tt5971474,The Little Mermaid,135,PG,7.2,167000,59,5/26/2023,6.3,3281,67%
tt26520932,Wild Life,93,PG-13,7.1,816,67,5/26/2023,7.3,13,91%
tt20916568,The Wrath of Becky,84,R,6.1,16000,51,5/25/2023,6.313,463,89%
tt10925852,A Mouthful of Air,105,R,6.1,3100,52,5/22/2023,6.5,82,66%
tt6436620,White Men Can't Jump,101,R,5.2,11000,40,5/19/2023,6.343,290,26%
tt15364972,Sanctuary,96,R,6.2,11000,67,5/19/2023,6.087,248,88%
tt5433140,Fast X,141,PG-13,5.7,133000,56,5/19/2023,7.001,6258,56%
tt13259610,The Outwaters,110,Not Rated,3.9,5000,72,5/18/2023,4.5,100,75%
tt13391708,The Five Devils,103,Unrated,6.7,5600,68,5/12/2023,6.709,220,85%
tt20768712,Book Club: The Next Chapter,107,PG-13,5.6,8500,46,5/12/2023,6.3,213,46%
tt6968614,The Mother,115,R,5.6,51000,45,5/12/2023,6.62,1397,43%
tt8080204,Hypnotic,93,R,5.5,42000,53,5/12/2023,6.2,1447,32%
tt6528290,Knights of the Zodiac,112,PG-13,4.4,16000,35,5/12/2023,6.3,1276,21%
tt9013340,Fool's Paradise,98,R,4.7,7000,27,5/12/2023,4.6,102,N/A
tt10276482,Love Again,104,PG-13,5.9,17000,32,5/5/2023,6.741,469,30%
tt6791350,Guardians of the Galaxy Vol. 3,150,PG-13,7.9,422000,64,5/5/2023,7.924,8180,82%
tt13430858,What's Love Got to Do with It?,108,PG-13,6.3,11000,59,5/5/2023,6.043,234,71%
tt26612950,The Teachers' Lounge,98,PG-13,7.4,26000,82,5/4/2023,7.215,694,95%
tt13885492,Little Richard: I Am Everything,101,TV-MA,7.4,1800,81,5/4/2023,6.7,29,94%
tt13923216,Showing Up,107,R,6.3,6500,86,5/3/2023,5.9,128,89%
tt1777595,50 to 1,110,PG-13,6.3,2400,37,5/1/2023,6.663,83,29%
tt9883832,Moonage Daydream,135,PG-13,7.6,16000,83,4/29/2023,7.485,263,92%
tt9185206,"Are You There God? It's Me, Margaret.",106,PG-13,7.3,33000,84,4/28/2023,7.157,492,99%
tt5635026,Peter Pan & Wendy,106,PG,4.4,29000,61,4/28/2023,5.428,758,63%
tt14846026,Sisu,91,R,6.9,93000,70,4/28/2023,7.414,2776,94%
tt18081000,The End of Sex,87,R,5.1,750,43,4/28/2023,5.6,25,59%
tt12226632,Big George Foreman,129,PG-13,6.6,11000,45,4/28/2023,7.563,341,N/A
tt18257464,Polite Society,104,PG-13,6.6,12000,75,4/28/2023,6.271,212,91%
tt4873118,Guy Ritchie's the Covenant,123,R,7.5,187000,63,4/21/2023,7.716,3117,82%
tt14097180,Somewhere in Queens,106,R,6.8,5900,61,4/21/2023,6.2,78,92%
tt13521006,Beau Is Afraid,179,R,6.7,71000,63,4/21/2023,6.705,1294,67%
tt13345606,Evil Dead Rise,96,R,6.5,154000,69,4/21/2023,6.913,3595,85%
tt15326988,Ghosted,116,PG-13,5.8,72000,34,4/21/2023,6.884,2154,N/A
tt16428256,Suzume,122,PG,7.6,52000,77,4/14/2023,7.887,1701,N/A
tt13923456,Mafia Mamma,101,R,5.4,13000,42,4/14/2023,6.07,306,21%
tt13375076,The Pope's Exorcist,103,R,6.1,95000,45,4/14/2023,6.9,3108,51%
tt15767808,The Last Kingdom: Seven Kings Must Die,117,TV-MA,6.9,40000,48,4/14/2023,7.209,808,N/A
tt11358390,Renfield,93,R,6.4,111000,53,4/14/2023,6.5,2095,58%
tt0493395,Badland,165,R,6.2,568,30,4/7/2023,6,12,16%
tt14472156,Paint,96,PG-13,5,5900,45,4/7/2023,5.4,145,31%
tt14967472,Of an Age,100,R,7.1,4800,69,4/7/2023,6.6,66,88%
tt18550182,R.M.N.,125,Unrated,7.2,6000,81,4/7/2023,6.9,182,97%
tt21440780,How to Blow Up a Pipeline,104,R,6.9,11000,76,4/7/2023,6.393,184,95%
tt10275534,To Catch a Killer,119,R,6.6,51000,43,4/6/2023,6.861,1296,53%
tt12758486,Chevalier,108,PG-13,6.5,7600,67,4/6/2023,6.4,123,76%
tt12672536,The Three Musketeers - Part I: D'Artagnan,121,Not Rated,6.7,24000,79,4/5/2023,6.922,1378,N/A
tt6718170,The Super Mario Bros. Movie,92,PG,7,264000,46,4/5/2023,7.6,10483,59%
tt16419074,Air,111,R,7.4,182000,73,4/5/2023,7.284,2290,93%
tt10362566,The Exorcism of God,98,R,5.3,5800,41,4/1/2023,7.087,1147,57%
tt15471560,Smoking Causes Coughing,77,Not Rated,6.5,5800,74,3/31/2023,6,402,94%
tt12427158,A Thousand and One,117,R,7,8100,81,3/31/2023,6.6,146,97%
tt2906216,Dungeons & Dragons: Honor Among Thieves,134,PG-13,7.2,257000,72,3/31/2023,7.326,4501,N/A
tt12758060,Tetris,118,R,7.4,95000,61,3/31/2023,7.634,1713,81%
tt15255288,Murder Mystery 2,90,PG-13,5.7,76000,44,3/31/2023,6.37,1941,46%
tt10366206,John Wick: Chapter 4,169,R,7.6,372000,78,3/24/2023,7.706,7825,94%
tt14153080,A Good Person,128,R,7.1,26000,50,3/24/2023,7.05,428,57%
tt13421498,The Lost King,108,PG-13,6.7,9500,64,3/24/2023,6.5,191,77%
tt12311866,Children of the Corn,93,R,3.8,4900,22,3/21/2023,5,155,11%
tt8709338,Hard Luck Love Song,104,R,5.3,568,56,3/21/2023,4,14,37%
tt12024308,Wildflower,105,R,6.8,4700,52,3/21/2023,7.4,111,60%
tt10151854,Shazam! Fury of the Gods,130,PG-13,5.9,135000,47,3/17/2023,6.428,3598,49%
tt2560078,Boston Strangler,112,R,6.5,38000,58,3/17/2023,6.65,826,67%
tt19623240,Winnie-the-Pooh: Blood and Honey,84,Not Rated,2.9,33000,16,3/17/2023,4.971,1552,3%
tt21190556,You Can Call Me Bill,96,PG-13,6.8,512,68,3/16/2023,6.5,10,N/A
tt13846494,Medusa,132,Unrated,5.8,905,67,3/16/2023,5.7,31,84%
tt12447796,Unwelcome,104,R,5.4,7100,64,3/14/2023,5.8,181,67%
tt3155298,Luther: The Fallen Sun,129,R,6.4,69000,53,3/10/2023,6.631,1078,67%
tt17663992,Scream VI,122,R,6.4,136000,61,3/10/2023,6.953,3130,77%
tt15339570,Champions,124,PG-13,6.8,32000,50,3/10/2023,6.721,492,59%
tt12261776,65,93,PG-13,5.4,99000,40,3/10/2023,5.95,2806,35%
tt11145118,Creed III,116,PG-13,6.7,99000,73,3/3/2023,7.077,2838,89%
tt11423420,Please Baby Please,95,Not Rated,5.7,1300,65,3/3/2023,5.8,40,77%
tt7985704,Operation Fortune: Ruse de Guerre,114,R,6.3,99000,51,3/3/2023,6.462,1901,51%
tt21374850,All the Beauty and the Bloodshed,113,Unrated,7.5,8700,91,2/28/2023,7.178,160,95%
tt14209916,Cocaine Bear,95,R,5.9,119000,54,2/24/2023,5.998,2408,65%
tt10098448,Jesus Revolution,120,PG-13,7.1,15000,46,2/24/2023,6.8,172,54%
tt12573454,Sharper,116,R,6.7,35000,65,2/17/2023,6.853,668,68%
tt10954600,Ant-Man and the Wasp: Quantumania,124,PG-13,6,248000,48,2/17/2023,6.231,5747,46%
tt6722802,Marlowe,109,R,5.4,13000,41,2/15/2023,5.706,430,25%
tt14960854,Swallowed,96,R,5.3,3500,53,2/14/2023,5.671,70,82%
tt15333984,Somebody I Used to Know,106,R,5.7,9100,57,2/10/2023,5.774,197,71%
tt14993352,Consecration,91,R,5.2,4600,40,2/10/2023,5.6,175,42%
tt16280138,Magic Mike's Last Dance,112,R,5.2,19000,52,2/10/2023,6.4,584,48%
tt12823454,Your Place or Mine,109,PG-13,5.7,42000,49,2/10/2023,6.266,851,31%
tt16377862,All That Breathes,97,Not Rated,7,5200,87,2/7/2023,6.9,81,99%
tt15679400,Knock at the Cabin,100,R,6.1,133000,63,2/3/2023,6.248,3051,67%
tt18079362,80 for Brady,98,PG-13,5.9,13000,52,2/3/2023,6.187,193,59%
tt21307994,Skinamarink,100,Not Rated,4.7,18000,66,2/2/2023,5.3,363,73%
tt10365998,Infinity Pool,117,R,6,67000,72,1/27/2023,6.1,1007,87%
tt14826022,You People,117,R,5.5,65000,50,1/27/2023,5.6,763,39%
tt20879602,Maybe I Do,95,PG-13,5,11000,42,1/27/2023,5.409,274,31%
tt9686790,Shotgun Wedding,101,R,5.5,41000,46,1/27/2023,6.245,1289,45%
tt5884796,Plane,107,R,6.5,91000,62,1/27/2023,6.898,2626,78%
tt13669038,Women Talking,104,PG-13,6.9,46000,77,1/27/2023,6.828,716,90%
tt15486810,Teen Wolf: The Movie,141,TV-MA,5.6,16000,51,1/26/2023,7.468,945,32%
tt12844910,Pathaan,146,Not Rated,5.8,160000,47,1/25/2023,6.4,249,82%
tt13539646,The Wandering Earth II,173,Not Rated,6.7,15000,56,1/22/2023,7.292,705,83%
tt19652910,EO,88,Not Rated,6.7,16000,85,1/21/2023,6.507,415,96%
tt14458442,The Son,123,PG-13,6.5,18000,45,1/20/2023,6.742,559,29%
tt10855768,Missing,111,PG-13,7.1,67000,66,1/20/2023,7.398,1255,89%
tt11687104,"Alice, Darling",89,R,5.6,13000,65,1/20/2023,5.6,305,84%
tt14308636,Bank of Dave,107,PG-13,7.1,15000,60,1/16/2023,6.848,128,86%
tt9663168,The Devil Conspiracy,111,R,4.6,4400,37,1/13/2023,6.5,456,27%
tt7405458,A Man Called Otto,126,PG-13,7.5,190000,51,1/13/2023,7.751,3532,70%
tt14642626,Sick,83,R,6,23000,62,1/13/2023,6.141,341,86%
tt8005118,House Party,100,R,4.4,4700,41,1/13/2023,5.6,118,29%
tt13698942,The Immaculate Room,92,R,5.1,6600,42,1/10/2023,5.244,135,27%
tt8760708,M3GAN,102,PG-13,6.3,161000,72,1/6/2023,7.027,4749,93%
tt14138650,The Pale Blue Eye,128,R,6.6,132000,56,1/6/2023,6.811,2139,62%
tt6160448,White Noise,136,R,5.7,46000,66,12/30/2022,5.582,794,64%
tt3447590,Matilda: The Musical,117,PG,7,31000,72,12/25/2022,6.791,809,N/A
tt12193804,Whitney Houston: I Wanna Dance with Somebody,144,PG-13,6.6,25000,51,12/23/2022,7.014,514,43%
tt10640346,Babylon,189,R,7.1,192000,61,12/23/2022,7.362,3724,57%
tt13097336,The Lady of Heaven,141,R,5.7,15000,41,12/23/2022,6.4,25,20%
tt11564570,Glass Onion,139,PG-13,7.1,473000,81,12/23/2022,7.033,6718,91%
tt3915174,Puss in Boots: The Last Wish,102,PG,7.8,201000,73,12/21/2022,8.201,8729,N/A
tt13833688,The Whale,117,R,7.6,243000,60,12/21/2022,7.775,4615,64%
tt7326608,The Almond and the Seahorse,96,Unrated,5.4,560,43,12/16/2022,4.9,13,23%
tt10473036,The Amazing Maurice,93,PG,6.2,6100,53,12/16/2022,6.675,180,73%
tt1630029,Avatar: The Way of Water,192,PG-13,7.5,530000,67,12/16/2022,7.593,13962,76%
tt22352776,Ernest and Celestine: A Trip to Gibberitia,80,Not Rated,7,926,78,12/14/2022,7.2,43,100%
tt14641542,The Eight Mountains,147,Not Rated,7.7,18000,78,12/14/2022,7.626,822,91%
tt12530246,Emancipation,132,R,6.3,29000,53,12/9/2022,7.759,1247,45%
tt16378064,To the End,94,R,3.4,1700,64,12/9/2022,2.2,5,85%
tt20853816,The Mean One,93,Not Rated,4,2300,29,12/9/2022,6.146,103,26%
tt1488589,Guillermo del Toro's Pinocchio,117,PG,7.6,120000,79,12/9/2022,8.021,3292,27%
tt22042742,Christmas Bloody Christmas,86,Not Rated,5.1,6400,46,12/9/2022,5.374,235,78%
tt7775720,Spoiler Alert,112,PG-13,7.3,8400,61,12/9/2022,6.997,169,87%
tt16233952,Something from Tiffany's,87,PG,6.2,12000,46,12/9/2022,6.7,309,72%
tt14402146,Empire of Light,115,R,6.7,26000,54,12/9/2022,6.6,617,44%
tt6931658,Hunt,131,Not Rated,6.7,6400,55,12/2/2022,6.8,211,68%
tt14369780,Lady Chatterley's Lover,126,R,6.6,25000,67,12/2/2022,6.671,508,86%
tt16378164,The Territory,85,PG,7.5,1400,83,12/2/2022,6.8,25,97%
tt13874422,The Eternal Daughter,96,PG-13,5.9,7000,80,12/2/2022,5.9,128,95%
tt12003946,Violent Night,112,R,6.7,113000,55,12/2/2022,7.226,2518,74%
tt13495458,The Inspection,95,R,6.7,5600,73,12/2/2022,6.2,77,88%
tt11116912,Troll,101,TV-14,5.8,52000,62,12/1/2022,6.558,2009,90%
tt14158346,Sharp Stick,92,R,4.9,2500,53,11/28/2022,4.9,49,50%
tt15467380,That Time I Got Reincarnated as a Slime the Movie: Scarlet Bond,114,PG-13,6.9,2400,41,11/25/2022,7.365,426,53%
tt16302202,The Estate,96,R,5.3,6100,37,11/24/2022,5.4,125,32%
tt14208870,The Fabelmans,151,PG-13,7.5,127000,85,11/23/2022,7.572,2733,92%
tt10298840,Strange World,102,PG,5.7,48000,65,11/23/2022,6.232,1408,72%
tt7693316,Devotion,139,PG-13,6.6,30000,66,11/23/2022,7.1,811,81%
tt15376894,Saint Omer,122,PG-13,6.8,5800,91,11/23/2022,6.169,202,95%
tt10168670,Bones and All,131,R,6.8,66000,74,11/23/2022,7.008,1607,82%
tt8745676,The Swimmers,134,PG-13,7.4,38000,62,11/23/2022,7.448,632,82%
tt14714980,Poker Face,94,Not Rated,5.2,15000,43,11/22/2022,5.6,414,9%
tt14895716,Something in the Dirt,116,R,5.8,6000,76,11/22/2022,5.813,126,89%
tt11198810,She Said,129,R,7.3,46000,74,11/18/2022,7.183,706,88%
tt1596342,Disenchanted,119,PG,5.6,28000,50,11/18/2022,6.691,1169,N/A
tt19770238,Aftersun,102,R,7.6,112000,95,11/18/2022,7.684,1796,96%
tt10999120,Spirited,127,PG-13,6.6,55000,55,11/18/2022,6.852,746,70%
tt19719836,Return to Seoul,119,R,6.9,9700,87,11/18/2022,6.3,472,97%
tt9764362,The Menu,107,R,7.2,448000,71,11/18/2022,7.171,6062,88%
tt13320662,Slumberland,117,PG,6.7,34000,40,11/18/2022,7.279,927,40%
tt9288822,The Wonder,108,R,6.6,47000,71,11/16/2022,6.6,938,85%
tt14656632,Paradise City,92,R,3.7,4700,31,11/11/2022,5.475,177,14%
tt16227014,Fire of Love,98,PG,7.6,16000,84,11/11/2022,7.555,246,98%
tt9114286,Black Panther: Wakanda Forever,161,PG-13,6.6,327000,67,11/11/2022,7.008,7385,84%
tt5806814,Charlotte,92,Not Rated,6.4,541,58,11/9/2022,6.3,27,71%
tt14557188,Soft & Quiet,92,R,6.2,12000,82,11/4/2022,6.411,209,N/A
tt10192406,Causeway,94,R,6.6,25000,66,11/4/2022,6.486,553,84%
tt13139228,My Policeman,113,R,6.5,24000,50,11/4/2022,7.6,757,44%
tt17076046,Weird: The Al Yankovic Story,108,TV-14,6.9,44000,70,11/4/2022,6.705,595,85%
tt10343028,Armageddon Time,114,R,6.5,17000,74,11/4/2022,6.4,489,77%
tt16183464,One Piece Film: Red,115,PG-13,6.8,24000,69,11/4/2022,7.2,1117,97%
tt11813216,The Banshees of Inisherin,114,R,7.7,276000,87,11/4/2022,7.464,3306,96%
tt9051908,Living,102,PG-13,7.2,37000,81,11/4/2022,6.964,509,96%
tt11052678,The Silent Twins,113,R,5.7,2600,59,11/4/2022,6.7,65,69%
tt14641788,Enola Holmes 2,129,PG-13,6.8,109000,64,11/4/2022,7.304,1782,93%
tt0768183,Day Zero,92,R,5.9,3000,41,11/3/2022,4.9,67,24%
tt9660502,Close,104,PG-13,7.8,43000,81,11/1/2022,7.773,978,91%
tt4960748,Till,130,PG-13,7.2,17000,77,10/28/2022,7.287,331,96%
tt7461272,Call Jane,121,R,6.5,6800,62,10/28/2022,6.507,202,82%
tt1016150,All Quiet on the Western Front,148,R,7.8,271000,76,10/28/2022,7.717,4603,90%
tt14444726,Tár,158,R,7.4,103000,93,10/28/2022,7.102,1499,N/A
tt9271672,Prey for the Devil,93,PG-13,5.3,20000,38,10/28/2022,6.9,1002,15%
tt8656686,Run Sweetheart Run,104,R,5.5,8300,51,10/28/2022,5.6,219,62%
tt4273800,The Good Nurse,121,R,6.8,85000,65,10/26/2022,6.873,1416,74%
tt15301048,"Argentina, 1985",140,R,7.6,34000,78,10/21/2022,7.819,733,96%
tt6443346,Black Adam,125,PG-13,6.2,290000,41,10/21/2022,6.815,6952,39%
tt14109724,Ticket to Paradise,104,PG-13,6.1,77000,50,10/21/2022,6.421,1374,56%
tt21651560,V/H/S/99,109,Not Rated,5.2,9800,58,10/20/2022,5.907,350,75%
tt2935622,The School for Good and Evil,147,PG-13,5.9,39000,30,10/19/2022,7.033,1365,38%
tt11897478,The Stranger,117,TV-MA,6.6,28000,74,10/19/2022,6.188,410,92%
tt10665342,Halloween Ends,111,R,5,78000,47,10/14/2022,6.033,1993,40%
tt12374656,Emily,130,R,6.8,9200,75,10/14/2022,6.9,248,N/A
tt10399608,Piggy,99,Not Rated,6.2,15000,72,10/14/2022,6.577,690,91%
tt10354106,Stars at Noon,135,R,5.5,4300,65,10/14/2022,5.9,128,63%
tt14668630,"Lyle, Lyle, Crocodile",106,PG,6.1,17000,51,10/7/2022,7,648,72%
tt0887261,Hellraiser,121,R,5.9,52000,55,10/7/2022,6.173,991,N/A
tt8129806,To Leslie,119,R,7.1,19000,84,10/7/2022,7.019,238,93%
tt15353964,Significant Other,84,R,5.7,17000,57,10/7/2022,6.053,393,72%
tt16376512,Free Chol Soo Lee,83,PG-13,7.1,477,73,10/7/2022,7.3,13,100%
tt4595186,Luckiest Girl Alive,113,R,6.4,58000,54,10/7/2022,6.5,920,42%
tt10304142,Amsterdam,134,R,6.1,100000,49,10/7/2022,6.068,1804,31%
tt10403420,Terrifier 2,138,Not Rated,6.1,72000,59,10/6/2022,6.7,2458,87%
tt13482828,One Fine Morning,112,R,6.9,8100,86,10/5/2022,6.428,166,93%
tt12908110,Mr. Harrigan's Phone,104,PG-13,6,41000,55,10/5/2022,6.394,937,47%
tt12691830,A Love Song,81,PG,6.7,2500,78,10/4/2022,6.68,50,95%
tt15208276,Summering,85,PG-13,4.4,506,50,10/3/2022,4.6,23,34%
tt3104956,The Good House,104,R,6.4,3300,62,9/30/2022,6.2,83,71%
tt8760670,Mona Lisa and the Blood Moon,106,R,6.2,6200,69,9/30/2022,6.268,198,74%
tt11040762,Alice,100,R,5.6,3500,47,9/30/2022,5.6,80,29%
tt20225374,Vesper,114,Not Rated,6,25000,70,9/30/2022,6.308,687,91%
tt10375396,God's Creatures,100,R,6,3900,69,9/30/2022,6.049,91,N/A
tt10268488,The Greatest Beer Run Ever,126,R,6.8,33000,39,9/30/2022,7.515,885,43%
tt15010292,Flux Gourmet,111,Not Rated,5.8,3400,79,9/30/2022,5.5,58,85%
tt15474916,Smile,115,R,6.5,212000,68,9/30/2022,6.663,3990,80%
tt9731598,Bros,115,R,6.4,38000,72,9/30/2022,6.67,560,88%
tt11909878,Hocus Pocus 2,103,PG,6,56000,56,9/30/2022,7.154,1810,65%
tt13270424,Brian and Charles,90,PG,6.7,9600,66,9/30/2022,6.3,171,85%
tt1655389,Blonde,167,NC-17,5.5,75000,50,9/28/2022,5.914,1504,43%
tt14813212,The Munsters,109,PG,4.5,12000,57,9/27/2022,5.594,266,55%
tt0420291,Keane,100,R,6.8,5900,79,9/27/2022,6,76,82%
tt15445056,Athena,99,R,6.8,24000,73,9/23/2022,6.596,814,87%
tt9783730,On the Come Up,116,PG-13,5.7,805,52,9/23/2022,5.9,29,76%
tt5315210,Lou,107,R,6.1,36000,51,9/23/2022,6.5,763,69%
tt10731256,Don't Worry Darling,123,R,6.3,163000,48,9/23/2022,6.771,2905,38%
tt14592998,The Railway Children Return,99,PG,5.5,1700,54,9/23/2022,6.521,264,57%
tt9853500,Bandit,126,R,6.4,15000,54,9/23/2022,6.3,412,74%
tt4554690,The Automat,79,TV-PG,7.8,1700,75,9/22/2022,6.8,20,98%
tt5884230,Brad's Status,102,R,6.5,20000,71,9/22/2022,6.278,449,79%
tt14857730,The Enforcer,90,R,5.3,5500,38,9/22/2022,7.043,482,32%
tt7322224,Triangle of Sadness,147,R,7.3,200000,63,9/18/2022,7,2818,72%
tt8093700,The Woman King,135,PG-13,6.9,79000,76,9/16/2022,7.614,2337,94%
tt18925334,Pearl,103,R,7,137000,76,9/16/2022,7.233,2519,93%
tt9000184,Goodnight Mommy,92,R,5.7,17000,45,9/16/2022,6.262,537,37%
tt11818818,God's Country,102,R,5.6,4500,77,9/16/2022,5.6,97,N/A
tt12718300,"Confess, Fletch",98,R,6.4,26000,64,9/16/2022,6.24,386,86%
tt13327038,Do Revenge,118,TV-MA,6.3,54000,66,9/16/2022,6.4,976,86%
tt7947604,In from the Side,134,Unrated,6.7,8100,42,9/16/2022,6.688,85,54%
tt13640696,See How They Run,98,PG-13,6.5,69000,60,9/16/2022,6.349,1274,75%
tt13051724,L'immensità,99,Not Rated,6.4,3400,70,9/15/2022,6.3,230,N/A
tt13829262,Rubikon,110,Not Rated,5,4800,49,9/15/2022,5.331,160,35%
tt11128440,Clerks III,100,R,6.2,20000,50,9/13/2022,6.042,310,63%
tt8883486,Medieval,125,R,5.9,14000,46,9/9/2022,6.9,533,39%
tt6277462,Brahmastra Part One: Shiva,167,Not Rated,5.6,114000,57,9/9/2022,6.322,194,47%
tt15791034,Barbarian,102,R,7,218000,78,9/9/2022,6.847,3156,92%
tt4593060,Pinocchio,105,PG,5.1,44000,38,9/8/2022,6.29,1715,27%
tt3696180,The Forgiven,117,R,6.1,11000,59,9/2/2022,5.717,254,68%
tt12655436,Honk for Jesus. Save Your Soul.,106,R,5.3,4400,63,9/2/2022,4.7,52,72%
tt10341196,Gigi & Nate,114,PG-13,6.7,2300,45,9/2/2022,7.5,138,N/A
tt13535920,Both Sides of the Blade,116,Unrated,6.1,3800,73,8/31/2022,5.6,104,N/A
tt15083184,I Came By,110,TV-MA,6.2,36000,57,8/31/2022,6.279,826,70%
tt6267600,Butter,111,PG-13,5.9,902,45,8/31/2022,5.97,33,43%
tt9198364,Three Thousand Years of Longing,108,R,6.7,68000,60,8/26/2022,6.881,1637,71%
tt15333788,Out of the Blue,104,R,4.3,1800,39,8/26/2022,5.736,123,20%
tt12311620,Breaking,103,PG-13,6.3,9800,66,8/26/2022,6.491,216,81%
tt5500218,Samaritan,102,PG-13,5.7,58000,45,8/26/2022,6.657,2166,38%
tt14309446,Me Time,101,R,5.1,43000,25,8/26/2022,5.853,1007,7%
tt12873562,The Invitation,105,PG-13,5.3,38000,45,8/26/2022,5.996,954,32%
tt19465630,Sniper. The White Raven,111,R,6.4,7200,54,8/24/2022,7.654,881,72%
tt14596320,Spin Me Round,104,Unrated,5.2,6400,58,8/19/2022,4.9,117,47%
tt13223398,Beast,93,R,5.6,46000,54,8/19/2022,6.546,1726,68%
tt11851548,Orphan: First Kill,99,R,5.9,51000,54,8/19/2022,6.6,2284,69%
tt14614892,Dragon Ball Super: Super Hero,100,PG-13,7.1,17000,65,8/18/2022,7.879,2992,95%
tt14298328,Look Both Ways,110,TV-14,6.3,25000,49,8/17/2022,6.857,718,62%
tt15255876,Emily the Criminal,97,R,6.7,63000,75,8/12/2022,6.674,991,93%
tt8110652,Bodies Bodies Bodies,94,R,6.2,83000,69,8/12/2022,6.2,1432,86%
tt15325794,Fall,107,PG-13,6.4,120000,62,8/12/2022,7.106,4457,79%
tt13314558,Day Shift,113,R,6.1,95000,51,8/12/2022,6.743,2173,57%
tt14330236,Mack & Rita,94,PG-13,4.8,2400,49,8/12/2022,5.4,72,N/A
tt14935966,I Love My Dad,96,R,6.3,3500,59,8/12/2022,5.9,49,75%
tt10540510,Inu-oh,98,PG-13,7.1,2800,77,8/12/2022,7.2,151,91%
tt10028196,Laal Singh Chaddha,159,PG-13,5.6,179000,46,8/11/2022,6.333,90,69%
tt12593682,Bullet Train,127,R,7.3,487000,49,8/5/2022,7.4,7407,52%
tt14502344,They/Them,104,TV-MA,4,13000,46,8/5/2022,4.7,247,33%
tt11540726,Resurrection,103,R,5.9,13000,70,8/5/2022,5.971,243,82%
tt7214954,Luck,105,G,6.4,32000,48,8/5/2022,7.728,1926,48%
tt11952606,Easter Sunday,96,PG-13,5.3,2900,41,8/5/2022,5.798,47,40%
tt12262116,Thirteen Lives,147,PG-13,7.8,73000,66,8/5/2022,7.847,1474,85%
tt11866324,Prey,100,R,7.1,246000,71,8/5/2022,7.662,7618,94%
tt16491324,Honor Society,98,TV-MA,6.5,11000,66,7/29/2022,7.444,433,86%
tt4614584,Purple Hearts,122,TV-14,6.7,62000,30,7/29/2022,8.05,2846,32%
tt8912936,DC League of Super-Pets,105,PG,7,79000,56,7/29/2022,7.2,1708,72%
tt11976532,Vengeance,107,R,6.8,40000,65,7/29/2022,6.6,451,82%
tt10954984,Nope,130,R,6.8,296000,77,7/22/2022,6.822,4808,83%
tt1461238,Kurt Vonnegut: Unstuck in Time,127,Not Rated,7.9,1500,70,7/22/2022,6.84,25,93%
tt1649418,The Gray Man,122,PG-13,6.5,256000,49,7/22/2022,6.907,4162,46%
tt20168564,Alienoid,142,Not Rated,6.3,6700,54,7/20/2022,6.781,511,87%
tt13656980,Montana Story,114,R,6.5,3700,73,7/16/2022,5.9,43,87%
tt4428398,Paws of Fury: The Legend of Hank,98,PG,5.8,7100,45,7/15/2022,6.6,325,56%
tt15339456,Marcel the Shell with Shoes On,90,PG,7.6,31000,80,7/15/2022,7.643,684,98%
tt9411972,Where the Crawdads Sing,125,PG-13,7.2,145000,43,7/15/2022,7.529,2261,34%
tt5151570,Mrs. Harris Goes to Paris,115,PG,7.1,34000,70,7/15/2022,7.32,495,94%
tt7600742,"Hallelujah: Leonard Cohen, a Journey, a Song",118,PG-13,7.6,1600,70,7/15/2022,7.5,32,88%
tt13456318,Persuasion,108,PG,5.8,38000,42,7/15/2022,6.077,650,30%
tt9288046,The Sea Beast,115,PG,7,62000,74,7/8/2022,7.325,1678,94%
tt10648342,Thor: Love and Thunder,118,PG-13,6.2,429000,57,7/8/2022,6.4,8479,63%
tt20851874,Fourth of July,90,Not Rated,6.7,2300,40,7/8/2022,6.274,31,38%
tt12545566,Mr. Malcolm's List,117,PG,6,6200,65,7/1/2022,5.8,115,83%
tt5113044,Minions: The Rise of Gru,87,PG,6.5,97000,56,7/1/2022,7.271,3985,69%
tt13406136,The Princess,94,R,5.7,16000,43,7/1/2022,6.8,844,85%
tt11671006,The Man from Toronto,110,PG-13,5.8,63000,34,6/24/2022,6.382,500,24%
tt7144666,The Black Phone,103,R,6.9,224000,65,6/24/2022,7.528,5758,81%
tt3704428,Elvis,159,PG-13,7.3,249000,64,6/24/2022,7.463,3837,77%
tt14376344,Cha Cha Real Smooth,107,R,7.3,29000,69,6/17/2022,7.141,398,85%
tt13352968,"Good Luck to You, Leo Grande",97,R,7.2,41000,78,6/17/2022,6.955,652,94%
tt10298810,Lightyear,105,PG,6.1,130000,60,6/17/2022,6.879,3754,74%
tt9783600,Spiderhead,106,R,5.5,69000,54,6/17/2022,5.795,1728,39%
tt8323668,Jerry and Marge Go Large,96,PG-13,6.9,30000,52,6/17/2022,7.379,451,67%
tt2980152,Abandoned,102,PG-13,3.8,4100,38,6/17/2022,5.8,298,17%
tt15090124,Mad God,83,Unrated,6.8,18000,80,6/16/2022,6.832,547,92%
tt13249596,Father of the Bride,117,PG-13,5.9,14000,65,6/16/2022,6.4,199,80%
tt14071694,Turn Every Page: The Adventures of Robert Caro and Robert Gottlieb,112,PG,8.1,595,81,6/12/2022,6.6,7,96%
tt13840536,It Ain't Over,99,PG,8.2,1600,79,6/11/2022,7.1,12,N/A
tt8041270,Jurassic World: Dominion,147,PG-13,5.6,221000,38,6/10/2022,6.604,6975,29%
tt8009428,Hustle,117,R,7.3,154000,68,6/8/2022,7.704,2796,94%
tt13056052,Broker,129,R,7.1,19000,77,6/8/2022,7.2,538,94%
tt12004038,Watcher,96,R,6.3,56000,72,6/3/2022,6.485,1134,88%
tt10243676,After Blue,129,Unrated,5.4,1200,56,6/3/2022,5.303,61,76%
tt0401085,C.R.A.Z.Y.,129,Not Rated,7.8,35000,81,6/3/2022,7.489,502,100%
tt15174116,Dashcam,80,R,4.5,7100,48,6/3/2022,4.933,127,47%
tt14174940,Interceptor,99,TV-MA,4.7,28000,51,6/3/2022,6.021,815,47%
tt15218000,Fire Island,105,R,6.7,15000,72,6/3/2022,7,273,94%
tt5176580,Wild Nights with Emily,84,PG-13,6.2,1500,74,6/1/2022,5.9,45,89%
tt13782428,Julia,95,PG-13,7.6,1300,69,5/30/2022,6.2,13,96%
tt7466442,The Bob's Burgers Movie,102,PG-13,7,23000,75,5/27/2022,6.975,359,87%
tt13650600,Emergency,105,R,6.2,10000,73,5/27/2022,6.1,261,91%
tt9735462,Aline,126,PG-13,6.3,3600,53,5/27/2022,6.6,390,56%
tt1745960,Top Gun: Maverick,130,PG-13,8.2,764000,78,5/27/2022,8.152,10763,96%
tt14549466,Crimes of the Future,107,R,5.8,44000,68,5/25/2022,6,1257,80%
tt11703710,Downton Abbey: A New Era,124,PG,7.4,34000,63,5/20/2022,7.193,603,87%
tt13841850,Men,100,R,6,73000,65,5/20/2022,6.08,1327,69%
tt3513500,Chip 'n Dale: Rescue Rangers,97,PG,6.9,49000,66,5/20/2022,7,1354,N/A
tt9005184,Dual,94,R,5.8,14000,62,5/20/2022,5.964,375,72%
tt15215512,A Perfect Pairing,101,TV-14,6.1,18000,55,5/19/2022,6.836,592,50%
tt8296030,You Won't Be Alone,108,R,6.4,13000,82,5/16/2022,6.6,351,93%
tt11160650,On the Count of Three,86,R,7,9700,74,5/13/2022,6.5,115,85%
tt15109082,The Quiet Girl,95,PG-13,7.7,26000,89,5/13/2022,7.514,555,97%
tt5315212,Senior Year,111,R,5.5,46000,47,5/13/2022,5.918,918,23%
tt1798632,Firestarter,94,R,4.6,24000,32,5/13/2022,5.482,799,10%
tt13872248,The Sadness,99,TV-MA,6.5,23000,68,5/12/2022,6.821,1077,88%
tt1879016,Operation Mincemeat,128,PG-13,6.6,40000,65,5/11/2022,6.515,781,83%
tt13204490,Petite Maman,73,PG,7.4,19000,93,5/6/2022,7.096,452,97%
tt9419884,Doctor Strange in the Multiverse of Madness,126,PG-13,6.9,510000,60,5/6/2022,7.225,10205,73%
tt14775784,Great Freedom,116,Unrated,7.5,8100,89,5/6/2022,7.254,195,97%
tt1280015,Smash His Camera,87,PG-13,6.9,978,68,5/2/2022,6.9,26,78%
tt13559026,Jockey,94,R,6.3,1500,77,5/1/2022,5.8,29,93%
tt11827628,Memory,114,R,5.7,39000,41,4/29/2022,6.733,1647,29%
tt15096128,Crush,93,TV-MA,6.3,11000,56,4/29/2022,7.388,483,83%
tt9242528,The Survivor,129,R,6.7,6700,71,4/27/2022,6.832,196,86%
tt8115900,The Bad Guys,100,PG,6.8,66000,64,4/22/2022,7.5,2514,87%
tt11291274,The Unbearable Weight of Massive Talent,107,R,7,168000,68,4/22/2022,6.783,2439,87%
tt13648224,We're All Going to the World's Fair,86,Not Rated,5.4,7700,78,4/22/2022,5.47,150,N/A
tt11138512,The Northman,137,R,7,277000,82,4/22/2022,7.033,4967,90%
tt14439896,Father Stu,124,PG-13,6.5,34000,40,4/15/2022,7.147,721,42%
tt4123432,Fantastic Beasts: The Secrets of Dumbledore,142,PG-13,6.2,183000,47,4/15/2022,6.627,5046,46%
tt4998632,Ambulance,136,R,6.1,107000,55,4/8/2022,6.616,2407,68%
tt6710474,Everything Everywhere All at Once,139,R,7.8,576000,81,4/8/2022,7.72,7834,93%
tt3706352,All the Old Knives,101,R,6.1,30000,62,4/8/2022,6.003,618,63%
tt12412888,Sonic the Hedgehog 2,122,PG,6.5,105000,47,4/8/2022,7.4,5818,69%
tt12017738,Three Minutes: A Lengthening,69,PG,7.3,715,88,4/7/2022,7,7,N/A
tt13610562,The Bubble,126,R,4.7,29000,34,4/1/2022,4.599,503,20%
tt13266998,Bull,88,R,6.5,9600,72,4/1/2022,6.417,192,91%
tt5108870,Morbius,104,PG-13,5.1,163000,35,4/1/2022,5.918,4764,15%
tt7978758,Apollo 10½: A Space Age Childhood,97,PG-13,7.2,13000,79,4/1/2022,7,313,N/A
tt10323676,The Contractor,103,R,5.8,32000,52,4/1/2022,6.358,1040,N/A
tt14060232,Infinite Storm,97,R,5.3,12000,56,3/25/2022,5.7,352,56%
tt13320622,The Lost City,112,PG-13,6.1,169000,60,3/25/2022,6.464,3943,78%
tt8178634,RRR,187,TV-MA,7.8,177000,83,3/25/2022,7.715,1569,96%
tt6020800,Gold,97,R,5.4,13000,48,3/18/2022,6.186,648,65%
tt13235822,Umma,83,PG-13,4.7,11000,51,3/18/2022,5.313,327,32%
tt15033192,Windfall,92,R,5.7,27000,52,3/18/2022,5.5,475,59%
tt2180339,Deep Water,115,R,5.5,64000,53,3/18/2022,5.82,1615,35%
tt12572040,The Phantom of the Open,106,PG-13,7,8500,65,3/18/2022,6.8,130,86%
tt13560574,X,105,R,6.5,206000,80,3/18/2022,6.72,3902,94%
tt6705162,Cheaper by the Dozen,107,PG,4.6,7100,42,3/18/2022,6.4,266,36%
tt14114802,The Outfit,105,R,7.2,81000,69,3/18/2022,7.086,1329,86%
tt14331144,Jujutsu Kaisen 0,112,PG-13,7.8,48000,71,3/18/2022,8.111,1698,98%
tt14253846,Speak No Evil,97,Not Rated,6.6,57000,78,3/17/2022,6.652,1087,83%
tt17511190,Facing Nolan,102,TV-14,7.9,2000,73,3/12/2022,7.4,23,96%
tt9340892,All My Friends Hate Me,93,R,6.3,7000,71,3/11/2022,5.9,151,89%
tt2463208,The Adam Project,106,PG-13,6.7,245000,55,3/11/2022,6.991,4868,68%
tt8097030,Turning Red,100,PG,6.9,164000,83,3/11/2022,7.317,5741,95%
tt11897340,Huda's Salon,91,R,6.3,1300,69,3/4/2022,6,24,N/A
tt1877830,The Batman,176,PG-13,7.8,864000,72,3/4/2022,7.658,11781,85%
tt8633464,After Yang,96,PG,6.6,25000,78,3/4/2022,6.406,501,89%
tt11559472,Ali & Ava,95,Not Rated,6.7,3300,75,3/4/2022,6.7,64,N/A
tt13403046,Fresh,114,R,6.7,84000,67,3/4/2022,6.964,1852,82%
tt14817272,The Weekend Away,89,TV-14,5.7,33000,51,3/3/2022,6.05,794,42%
tt13873302,Against the Ice,102,TV-MA,6.5,30000,49,3/2/2022,6.778,606,57%
tt15426294,Gone in the Night,90,R,4.9,7100,52,3/1/2022,5.552,154,44%
tt13133936,The Desperate Hour,84,PG-13,4.9,8300,35,2/25/2022,6,472,27%
tt14813966,Tyler Perry's A Madea Homecoming,105,16+,5.7,5200,42,2/25/2022,6.8,137,36%
tt11700260,Official Competition,115,R,7,16000,79,2/25/2022,6.6,440,96%
tt11204094,The Duke,95,R,6.9,15000,74,2/25/2022,7,358,97%
tt12889404,Cyrano,123,PG-13,6.4,16000,66,2/25/2022,6.3,323,85%
tt7550014,No Exit,95,R,6.1,36000,54,2/25/2022,6.843,1280,62%
tt15374070,Studio 666,106,R,5.6,16000,50,2/25/2022,5.885,343,56%
tt11252248,Dog,101,PG-13,6.5,49000,61,2/18/2022,7.294,1743,77%
tt10698174,Wolf,99,R,5.1,13000,52,2/18/2022,5.228,92,45%
tt11755740,Texas Chainsaw Massacre,81,R,4.7,66000,34,2/18/2022,5.195,1622,31%
tt9907782,The Cursed,111,R,6.2,20000,62,2/18/2022,6.6,415,71%
tt8128276,Ted K,120,R,6,4500,70,2/18/2022,6,144,85%
tt1464335,Uncharted,116,PG-13,6.3,280000,45,2/18/2022,6.868,6703,N/A
tt7657566,Death on the Nile,127,PG-13,6.3,200000,52,2/11/2022,6.4,4138,62%
tt6462958,I Want You Back,116,R,6.5,26000,62,2/11/2022,6.292,367,87%
tt10223460,Marry Me,112,PG-13,6.1,46000,51,2/11/2022,6.623,1089,61%
tt14060094,Blacklight,104,PG-13,4.8,27000,27,2/11/2022,6.153,1252,12%
