"id","title","duration_minutes","mpa","imdb_rating","votes","metacritic_score","release_date"
tt1633359,The Toxic Avenger,102,R,6.0,554,66,2025-08-29
tt12908150,The Life of Chuck,110,R,7.7,466,64,2025-06-06
tt0362004,Palindromes,100,Not Rated,6.7,13000,53,2025-05-20
tt28613536,Bob Trevino Likes It,102,PG-13,8.1,389,75,2025-05-02
tt20212786,The Shrouds,119,R,5.9,761,59,2025-04-25
tt26625693,The Order,116,R,6.8,39000,75,2025-04-18
tt23149780,Eden,120,R,6.1,819,60,2025-04-03
tt32768323,The Assessment,114,R,7.2,727,65,2025-04-03
tt24176060,Queer,137,R,6.5,18000,72,2025-03-29
tt28443655,Death of a Unicorn,107,R,5.7,711,55,2025-03-28
tt14186876,Bring Them Down,106,R,6.8,878,63,2025-03-28
tt17489650,Ash,95,R,5.9,835,63,2025-03-21
tt32085997,Misericordia,104,Unrated,6.9,1700,80,2025-03-21
tt13652142,Magazine Dreams,123,R,7.0,966,69,2025-03-21
tt6208148,Snow White,109,PG,1.6,152000,50,2025-03-21
tt26671996,Locked,95,R,6.4,772,45,2025-03-21
tt21815562,The Alto Knights,123,R,5.9,2300,46,2025-03-21
tt26304178,O'Dessa,106,PG-13,5.0,1000,41,2025-03-20
tt16409868,High Tide,101,R,6.6,511,73,2025-03-20
tt29603959,Novocaine,110,R,6.8,9500,60,2025-03-14
tt7766378,The Electric State,125,PG-13,6.0,43000,29,2025-03-14
tt13650814,Borderline,94,R,5.3,2000,63,2025-03-14
tt15352542,The Day the Earth Blew Up: A Looney Tunes Movie,91,PG,7.0,2800,69,2025-03-14
tt29929565,Opus,104,R,5.9,1900,42,2025-03-14
tt30988739,Black Bag,93,R,7.3,11000,85,2025-03-14
tt14041896,The Parenting,94,R,5.7,4000,45,2025-03-13
tt32560777,Plankton: The Movie,87,TV-PG,5.4,2300,61,2025-03-07
tt6874690,The Rule of Jenny Pen,104,R,6.5,704,66,2025-03-07
tt28070202,Queen of the Ring,140,PG-13,6.9,870,65,2025-03-07
tt12299608,Mickey 17,137,R,7.0,60000,72,2025-03-07
tt35628886,Chaos: The Manson Murders,95,TV-MA,5.6,2100,62,2025-03-07
tt23398348,Rule Breakers,120,PG,7.4,617,55,2025-03-07
tt4419684,In the Lost Lands,101,R,5.0,1500,41,2025-03-07
tt30294282,Porcelain War,87,R,7.1,1100,73,2025-03-06
tt14403504,Last Breath,93,PG-13,6.6,9900,66,2025-02-28
tt22022784,My Dead Friend Zoe,103,R,6.7,1700,75,2025-02-28
tt27775403,Riff Raff,103,R,5.9,1700,47,2025-02-28
tt23055660,Nickel Boys,140,PG-13,7.0,17000,91,2025-02-28
tt28007064,Superboys of Malegaon,127,PG-13,8.0,1200,71,2025-02-28
tt10381102,Brave the Dark,112,PG-13,6.6,1100,56,2025-02-27
tt27714946,The Monkey,98,R,6.3,23000,62,2025-02-21
tt27812086,Cleaner,97,R,4.9,3300,52,2025-02-21
tt26442053,Old Guy,94,R,5.1,1900,33,2025-02-21
tt5181260,The Unbreakable Boy,109,PG,5.7,1000,35,2025-02-21
tt15551346,The End,148,R,5.5,1600,66,2025-02-20
tt32178949,The Seed of the Sacred Fig,167,PG-13,7.6,13000,84,2025-02-18
tt21967916,The Dead Thing,94,Unrated,4.7,843,53,2025-02-14
tt5822536,Paddington in Peru,106,PG,6.7,18000,65,2025-02-14
tt4772188,Flow,85,PG,7.9,63000,87,2025-02-14
tt13654226,The Gorge,127,PG-13,6.7,96000,57,2025-02-14
tt10365912,Becoming Led Zeppelin,122,PG-13,7.8,2500,64,2025-02-14
tt14513804,Captain America: Brave New World,118,PG-13,5.9,82000,42,2025-02-14
tt32063050,Bridget Jones: Mad About the Boy,124,R,6.7,19000,72,2025-02-13
tt31519456,La Dolce Villa,99,TV-14,6.0,7500,44,2025-02-13
tt15495150,The Witcher: Sirens of the Deep,91,TV-MA,6.1,7600,54,2025-02-11
tt14961016,I'm Still Here,137,PG-13,8.4,98000,85,2025-02-07
tt32558992,Heart Eyes,97,R,6.1,14000,61,2025-02-07
tt30788842,Love Hurts,83,R,5.2,7500,34,2025-02-07
tt24805832,In the Summers,95,Unrated,6.5,900,83,2025-02-05
tt30253036,Kinda Pregnant,97,R,4.9,14000,38,2025-02-05
tt26584495,Companion,97,R,7.0,67000,70,2025-01-31
tt10954718,Dog Man,89,PG,6.3,7400,66,2025-01-31
tt21375602,Love Me,91,R,5.2,2200,52,2025-01-31
tt21227864,You're Cordially Invited,109,R,5.5,24000,51,2025-01-30
tt34956443,Ne Zha 2,143,Not Rated,8.2,9000,59,2025-01-29
tt8999762,The Brutalist,216,R,7.5,72000,90,2025-01-24
tt23951384,The Colors Within,101,PG,7.1,845,76,2025-01-24
tt31050620,Inheritance,101,R,5.6,1200,55,2025-01-24
tt28249919,Presence,84,R,6.1,18000,77,2025-01-24
tt9603060,Star Trek: Section 31,95,PG-13,3.8,14000,37,2025-01-24
tt10078772,Flight Risk,91,R,5.3,22000,38,2025-01-24
tt10236164,The Girl with the Needle,123,Unrated,7.5,12000,82,2025-01-24
tt28082769,"5-Sep",95,R,7.1,21000,76,2025-01-17
tt14893438,Wish You Were Here,99,PG-13,4.7,428,50,2025-01-17
tt32221196,One of Them Days,97,R,6.6,8500,71,2025-01-17
tt21191806,Back in Action,114,PG-13,5.9,52000,46,2025-01-17
tt28244549,Grand Theft Hamlet,89,R,6.9,1700,82,2025-01-17
tt4216984,Wolf Man,103,R,5.6,23000,50,2025-01-17
tt22478818,William Tell,133,R,5.8,1900,53,2025-01-17
tt3864060,Unstoppable,116,PG-13,6.8,3900,64,2025-01-16
tt31456973,Alarum,95,R,3.3,2200,23,2025-01-16
tt21955520,Peter Pan's Neverland Nightmare,89,Not Rated,5.9,1200,50,2025-01-13
tt14260836,Better Man,135,R,7.6,23000,77,2025-01-10
tt31193791,The Last Showgirl,88,R,6.5,9300,66,2025-01-10
tt8008948,Den of Thieves: Pantera,144,R,6.3,21000,60,2025-01-10
tt32138452,Ad Vitam,98,TV-MA,5.9,8800,40,2025-01-10
tt11891850,Hard Truths,97,R,7.3,4700,88,2025-01-10
tt15010692,The Damned,89,R,5.7,3700,64,2025-01-03
tt17163970,Wallace & Gromit: Vengeance Most Fowl,82,PG,7.5,33000,83,2025-01-03
tt34977130,Don't Die: The Man Who Wants to Live Forever,88,TV-14,6.1,3600,56,2025-01-01
tt22042346,"2073",85,R,5.2,1600,52,2024-12-27
tt6133444,The Fire Inside,109,PG-13,6.7,2200,76,2024-12-25
tt5040012,Nosferatu,132,R,7.3,182000,78,2024-12-25
tt11563598,A Complete Unknown,141,R,7.4,62000,70,2024-12-25
tt30057084,Babygirl,114,R,6.0,49000,79,2024-12-25
tt28277817,Bird,119,R,7.0,7800,74,2024-12-23
tt29137778,Homestead,112,PG-13,5.4,3400,44,2024-12-20
tt24458622,The Six Triple Eight,127,PG-13,6.7,25000,51,2024-12-20
tt13186482,Mufasa: The Lion King,118,PG,6.6,49000,56,2024-12-20
tt18259086,Sonic the Hedgehog 3,110,PG,6.9,54000,56,2024-12-20
tt27403986,Juror #2,114,PG-13,7.0,93000,72,2024-12-20
tt8790086,Kraven the Hunter,127,R,5.4,47000,35,2024-12-13
tt21382296,Carry-On,119,PG-13,6.5,161000,69,2024-12-13
tt14824600,The Lord of the Rings: The War of the Rohirrim,134,PG-13,6.3,28000,54,2024-12-13
tt22893404,Maria,124,R,6.4,18000,63,2024-12-11
tt23872640,Dirty Angels,104,R,4.3,3200,42,2024-12-11
tt30319854,Sugarcane,107,R,7.0,3100,90,2024-12-09
tt19861162,The Return,116,R,6.2,7600,67,2024-12-06
tt27218960,Y2K,91,R,4.8,10000,49,2024-12-06
tt15041836,Werewolves,93,R,4.4,6100,46,2024-12-06
tt32083311,On Becoming a Guinea Fowl,99,PG-13,7.2,721,87,2024-12-06
tt32084246,Mary,112,TV-14,5.2,8000,27,2024-12-06
tt10449276,Get Away,86,R,5.3,6300,58,2024-12-06
tt30841606,Rumours,104,R,5.0,4300,69,2024-12-06
tt12810074,Nightbitch,99,R,5.6,19000,56,2024-12-06
tt28523838,Exhibiting Forgiveness,117,R,7.0,1100,82,2024-12-03
tt14636214,Sweethearts,98,R,5.5,3800,57,2024-11-28
tt13622970,Moana 2,100,PG,6.7,92000,58,2024-11-27
tt31022050,Our Little Secret,101,TV-14,5.7,23000,41,2024-11-27
tt23558280,Elevation,91,R,5.6,20000,50,2024-11-26
tt2396431,Dear Santa,107,PG-13,5.4,18000,34,2024-11-25
tt26237514,Bonhoeffer: Pastor. Spy. Assassin.,133,PG-13,6.3,3400,43,2024-11-22
tt9218128,Gladiator II,148,R,6.5,219000,64,2024-11-22
tt5012320,Out of My Mind,102,TV-PG,7.4,2600,73,2024-11-22
tt7215232,Spellbound,109,PG,5.6,6700,54,2024-11-22
tt1262426,Wicked,160,PG,7.5,147000,73,2024-11-22
tt10243672,Joy,115,PG-13,7.1,9000,62,2024-11-22
tt32368345,The Merry Gentlemen,87,TV-14,4.8,10000,34,2024-11-20
tt3234122,Widow Clicquot,90,R,6.3,3800,65,2024-11-16
tt14948432,Red One,123,PG-13,6.3,138000,34,2024-11-15
tt20221436,Emilia Pérez,132,R,5.4,85000,70,2024-11-13
tt30319516,Good One,89,R,6.7,2400,87,2024-11-13
tt28015403,Heretic,111,R,7.0,124000,71,2024-11-08
tt28607951,Anora,139,R,7.6,162000,91,2024-11-08
tt27196021,Small Things Like These,98,PG-13,6.8,21000,82,2024-11-08
tt2347285,The Best Christmas Pageant Ever,99,PG,6.8,6000,60,2024-11-08
tt15507512,The Piano Lesson,127,PG-13,6.2,4800,69,2024-11-08
tt21247132,Meanwhile on Earth,89,R,6.0,883,66,2024-11-08
tt25052668,Christmas Eve in Miller's Point,106,PG-13,5.6,2300,72,2024-11-08
tt31711040,Look Back,58,"13+",7.8,14000,90,2024-11-07
tt15939198,Blitz,120,PG-13,6.2,16000,71,2024-11-01
tt21823606,A Real Pain,90,R,7.1,79000,85,2024-11-01
tt31186932,The Gutter,92,R,5.4,453,59,2024-11-01
tt8337290,Absolution,112,R,5.2,7500,51,2024-11-01
tt18272208,Here,104,PG-13,6.3,19000,39,2024-11-01
tt14857528,Time Cut,91,TV-14,5.0,18000,36,2024-10-30
tt30317033,Sebastian,110,Unrated,6.7,1600,53,2024-10-25
tt16366836,Venom: The Last Dance,110,PG-13,6.0,110000,41,2024-10-25
tt20215234,Conclave,120,PG,7.4,136000,79,2024-10-25
tt19864832,La Cocina,139,R,7.2,2400,74,2024-10-25
tt20202324,Magpie,90,R,6.1,2500,69,2024-10-25
tt19811010,The Remarkable Life of Ibelin,103,PG-13,8.2,12000,78,2024-10-25
tt24807110,Don't Move,92,R,5.8,38000,54,2024-10-25
tt22741760,Your Monster,103,R,6.4,5500,62,2024-10-25
tt23853982,Parthenope,137,R,6.6,9600,52,2024-10-24
tt5674658,Kensuke's Kingdom,85,PG,6.9,1100,68,2024-10-18
tt29439114,The Room Next Door,107,PG-13,6.8,18000,70,2024-10-18
tt29268110,Smile 2,127,R,6.7,98000,67,2024-10-18
tt28821371,MadS,89,TV-MA,6.4,7100,78,2024-10-18
tt22803220,National Anthem,99,R,6.2,1400,71,2024-10-18
tt7737800,Woman of the Hour,95,R,6.6,60000,74,2024-10-18
tt27131358,We Live in Time,108,R,7.0,49000,59,2024-10-18
tt10171472,Goodrich,110,R,6.3,5000,62,2024-10-17
tt23770030,Memoir of a Snail,95,R,7.8,16000,81,2024-10-17
tt28349451,The Shadow Strays,144,TV-MA,6.5,9000,73,2024-10-17
tt9860566,Brothers,89,R,5.4,13000,50,2024-10-17
tt26682012,Daddy's Head,92,TV-MA,5.6,4700,69,2024-10-11
tt27911000,Terrifier 3,125,Not Rated,6.3,47000,62,2024-10-11
tt27657135,Saturday Night,109,R,6.9,29000,60,2024-10-11
tt20194882,Lonely Planet,94,R,5.7,11000,46,2024-10-11
tt31064841,Piece by Piece,93,PG,6.9,5200,63,2024-10-11
tt8368368,The Apprentice,122,R,7.1,51000,64,2024-10-11
tt15552142,Caddo Lake,103,PG-13,6.8,41000,55,2024-10-10
tt26757462,Hellboy: The Crooked Man,99,R,4.5,13000,44,2024-10-08
tt21097228,A Different Man,112,R,6.9,28000,78,2024-10-04
tt3954936,Monster Summer,97,PG-13,5.7,3500,54,2024-10-04
tt11068094,White Bird,121,PG-13,7.3,5400,54,2024-10-04
tt27729779,The Platform 2,99,TV-MA,4.9,39000,45,2024-10-04
tt14577874,It's What's Inside,103,R,6.6,41000,56,2024-10-04
tt11315808,Joker: Folie à Deux,138,R,5.2,157000,45,2024-10-04
tt11687002,The Outrun,118,R,6.9,14000,72,2024-10-04
tt32880932,V/H/S/Beyond,114,Not Rated,5.8,9200,65,2024-10-04
tt12573480,Hold Your Breath,94,R,5.3,8400,45,2024-10-03
tt10245072,Salem's Lot,114,R,5.6,33000,47,2024-10-03
tt32086077,All We Imagine as Light,118,Unrated,7.1,9100,93,2024-10-02
tt28658276,The 4:30 Movie,87,R,6.0,3600,52,2024-10-01
tt21958136,The Wasp,96,R,6.1,4300,69,2024-09-30
tt22173666,Azrael,86,R,5.4,10000,52,2024-09-27
tt29623480,The Wild Robot,102,PG,8.2,154000,85,2024-09-27
tt10128846,Megalopolis,138,R,4.7,35000,55,2024-09-27
tt18559464,My Old Ass,89,R,6.9,38000,74,2024-09-27
tt14257582,Wolfs,108,R,6.5,80000,60,2024-09-27
tt14371860,Apartment 7A,107,R,5.9,16000,49,2024-09-27
tt26745321,Armand,118,R,6.2,2400,61,2024-09-27
tt27419292,Killer Heat,95,R,5.6,13000,33,2024-09-26
tt14415204,Never Let Go,101,R,5.4,14000,55,2024-09-20
tt28491891,His Three Daughters,101,R,7.2,17000,84,2024-09-20
tt8864596,Transformers One,104,PG,7.6,48000,64,2024-09-20
tt17526714,The Substance,141,R,7.3,284000,78,2024-09-20
tt28618488,Vermiglio,119,Not Rated,6.9,3700,85,2024-09-19
tt13186604,Uglies,100,PG-13,4.7,32000,34,2024-09-13
tt5112584,Lee,117,R,6.9,24000,62,2024-09-13
tt11433906,Winner,103,PG-13,6.5,2300,56,2024-09-13
tt0327785,The Killer's Game,104,R,5.8,16000,36,2024-09-13
tt31392609,How to Make Millions Before Grandma Dies,125,TV-PG,8.0,13000,74,2024-09-13
tt13457790,The Critic,101,R,6.0,4600,54,2024-09-13
tt27534307,Speak No Evil,110,R,6.8,93000,66,2024-09-13
tt9462944,Treasure,111,R,6.3,2000,44,2024-09-12
tt11301886,Rebel Ridge,131,TV-MA,6.8,86000,76,2024-09-06
tt4058618,The Thicket,108,R,5.8,2900,55,2024-09-06
tt21905744,The Front Room,94,R,4.6,5200,49,2024-09-06
tt2049403,Beetlejuice Beetlejuice,105,PG-13,6.7,144000,62,2024-09-06
tt4853290,Out Come the Wolves,86,R,4.7,1400,68,2024-09-05
tt6898324,City of Dreams,114,R,6.8,1100,14,2024-08-30
tt12616480,Slingshot,108,R,5.7,8900,52,2024-08-30
tt4196566,The Deliverance,112,R,5.1,22000,39,2024-08-30
tt1723808,Reagan,141,PG-13,6.2,11000,22,2024-08-30
tt4959750,"1992",97,R,5.7,2900,44,2024-08-30
tt24577462,Afraid,84,PG-13,5.2,13000,28,2024-08-30
tt15685360,You Gotta Believe,104,PG,5.8,1300,43,2024-08-30
tt23468836,Touch,121,R,7.4,5300,74,2024-08-30
tt1121948,The Killer,126,R,5.7,12000,60,2024-08-23
tt20201748,Greedy People,112,R,6.2,11000,45,2024-08-23
tt1340094,The Crow,111,R,4.7,33000,30,2024-08-23
tt28055434,Close to You,100,R,5.1,1200,55,2024-08-23
tt22375054,Strange Darling,97,R,7.1,48000,80,2024-08-23
tt14858658,Blink Twice,102,R,6.5,102000,66,2024-08-23
tt21284218,Incoming,91,R,5.8,14000,38,2024-08-23
tt27722375,Between the Temples,111,R,6.3,2800,83,2024-08-23
tt28223926,Skincare,96,R,5.7,4300,61,2024-08-16
tt8609660,My Penguin Friend,97,PG,6.7,4800,70,2024-08-16
tt18412256,Alien: Romulus,119,R,7.1,239000,64,2024-08-16
tt10740926,Rob Peace,120,R,6.6,1900,61,2024-08-16
tt30319503,Dìdi,93,R,7.3,12000,78,2024-08-16
tt12610390,The Union,107,PG-13,5.4,52000,44,2024-08-16
tt26940324,Jackpot!,106,R,5.8,30000,41,2024-08-15
tt13397574,Mothers' Instinct,94,R,6.3,20000,48,2024-08-13
tt32627540,Watchmen: Chapter I,83,R,7.0,6300,71,2024-08-13
tt10655524,It Ends with Us,130,PG-13,6.4,82000,53,2024-08-09
tt12349832,Cuckoo,102,R,5.7,25000,62,2024-08-09
tt24169886,The Instigators,101,R,6.2,37000,48,2024-08-09
tt4978420,Borderlands,101,PG-13,4.7,46000,26,2024-08-09
tt13097932,One Life,109,PG,7.5,33000,69,2024-08-05
tt28479262,Sing Sing,107,R,7.7,18000,83,2024-08-02
tt26753003,Trap,105,PG-13,5.8,132000,52,2024-08-02
tt1609486,Harold and the Purple Crayon,90,PG,5.7,8000,34,2024-08-02
tt27367464,Kneecap,105,R,7.6,17000,76,2024-08-02
tt14407336,The Beast,146,Unrated,6.5,9600,80,2024-07-28
tt6263850,Deadpool & Wolverine,128,R,7.6,482000,56,2024-07-26
tt14539318,The Beast Within,97,R,4.2,4500,43,2024-07-26
tt16280912,Humane,93,R,5.5,7100,59,2024-07-26
tt20215816,The Fabulous Four,98,R,4.8,1500,44,2024-07-26
tt12584954,Twisters,122,PG-13,6.5,162000,65,2024-07-19
tt5177114,Young Woman and the Sea,129,PG,7.5,17000,62,2024-07-19
tt26470109,Oddity,98,R,6.7,40000,78,2024-07-19
tt19862722,Find Me Falling,93,TV-MA,6.3,13000,50,2024-07-19
tt30444418,Santosh,128,R,7.0,1500,75,2024-07-17
tt1896747,Fly Me to the Moon,132,PG-13,6.6,48000,53,2024-07-12
tt26442871,Wildcat,103,Not Rated,5.8,1300,55,2024-07-12
tt23468450,Longlegs,101,R,6.6,180000,77,2024-07-12
tt22048412,MaXXXine,103,R,6.3,68000,64,2024-07-05
tt28259207,Kill,105,R,7.5,39000,74,2024-07-04
tt3083016,Beverly Hills Cop: Axel F,118,R,6.4,81000,53,2024-07-03
tt7510222,Despicable Me 4,94,PG,6.2,63000,52,2024-07-03
tt13433802,A Quiet Place: Day One,99,PG-13,6.3,146000,68,2024-06-28
tt17505010,Horizon: An American Saga - Chapter 1,181,R,6.7,39000,49,2024-06-28
tt16491560,A Sacrifice,94,R,5.1,5100,44,2024-06-28
tt28366692,Janet Planet,113,PG-13,6.2,3000,83,2024-06-28
tt30321146,In a Violent Nature,94,Not Rated,5.6,25000,68,2024-06-28
tt22408160,Kinds of Kindness,164,R,6.5,58000,64,2024-06-28
tt21051906,A Family Affair,111,PG-13,5.3,36000,43,2024-06-28
tt12735488,Kalki 2898 AD,180,Not Rated,7.0,66000,65,2024-06-27
tt7461686,Daddio,100,R,6.6,11000,62,2024-06-27
tt23330554,Winnie-the-Pooh: Blood and Honey 2,93,Not Rated,4.7,11000,27,2024-06-26
tt28620587,I Am: Celine Dion,103,PG,7.7,7800,76,2024-06-25
tt21454134,The Bikeriders,116,R,6.6,66000,70,2024-06-21
tt23778968,Thelma,98,PG-13,7.0,22000,77,2024-06-21
tt11240348,The Exorcism,95,R,4.2,11000,46,2024-06-21
tt5834874,Trigger Warning,106,TV-MA,4.6,19000,36,2024-06-21
tt20420628,Freud's Last Session,110,PG-13,6.1,6400,48,2024-06-14
tt15000156,Firebrand,121,R,6.3,5200,54,2024-06-14
tt22022452,Inside Out 2,96,PG,7.5,212000,73,2024-06-14
tt14682800,Tuesday,110,R,6.3,3900,69,2024-06-14
tt30321095,Ghostlight,115,R,7.6,5600,83,2024-06-14
tt4919268,Bad Boys: Ride or Die,115,R,6.5,98000,54,2024-06-07
tt26736843,The Watchers,102,PG-13,5.7,56000,46,2024-06-07
tt13429870,Robot Dreams,103,PG-13,7.6,21000,87,2024-06-07
tt20215968,Hit Man,115,R,6.8,113000,82,2024-06-07
tt24244436,Housekeeping for Beginners,107,R,7.0,1100,80,2024-06-07
tt11225626,Am I OK?,86,R,6.1,11000,72,2024-06-06
tt10245106,Dreamin' Wild,111,PG,6.4,1500,66,2024-06-06
tt13964390,Under Paris,104,TV-MA,5.2,36000,57,2024-06-05
tt26448981,Orlando: My Political Biography,98,Unrated,7.0,609,79,2024-06-05
tt26928684,Summer Camp,95,PG-13,4.5,1500,41,2024-05-31
tt22773644,The Dead Don't Hurt,129,R,6.4,8300,70,2024-05-31
tt30476486,Haikyu!! The Dumpster Battle,85,PG-13,7.7,6000,67,2024-05-31
tt20315818,Ezra,101,R,6.5,4700,57,2024-05-30
tt5779228,The Garfield Movie,101,PG,5.7,24000,31,2024-05-24
tt14137416,Kidnapped: The Abduction of Edgardo Mortara,134,Not Rated,7.0,4100,75,2024-05-24
tt14856980,Atlas,118,PG-13,5.6,55000,37,2024-05-24
tt12037194,Furiosa: A Mad Max Saga,148,R,7.5,281000,79,2024-05-24
tt12873300,Sight,103,PG-13,6.6,1700,42,2024-05-24
tt18573650,The Blue Angels,93,G,7.3,2700,66,2024-05-23
tt13231544,About Dry Grasses,197,Not Rated,7.7,17000,88,2024-05-21
tt21276958,Babes,104,R,6.3,6200,72,2024-05-17
tt21261712,Back to Black,122,R,6.3,26000,43,2024-05-17
tt11152168,IF,104,PG,6.4,57000,46,2024-05-17
tt15574270,I Saw the TV Glow,100,PG-13,5.8,35000,86,2024-05-17
tt22050754,The Strangers: Chapter 1,91,R,4.6,22000,43,2024-05-17
tt11674730,The Last Stop in Yuma County,90,R,6.9,18000,72,2024-05-10
tt11389872,Kingdom of the Planet of the Apes,145,PG-13,6.9,150000,66,2024-05-10
tt18077924,Poolman,100,R,4.0,2600,29,2024-05-09
tt26926267,Mother of the Bride,88,TV-PG,4.8,17000,39,2024-05-09
tt0065976,Let It Be,81,G,7.6,8200,72,2024-05-08
tt26915336,Mars Express,88,Not Rated,7.5,11000,76,2024-05-03
tt1684562,The Fall Guy,126,PG-13,6.8,217000,73,2024-05-03
tt14914430,Unfrosted,97,PG-13,5.5,35000,42,2024-05-03
tt14088510,Tarot,92,PG-13,4.8,31000,36,2024-05-03
tt19637052,Love Lies Bleeding,104,R,6.6,56000,77,2024-05-03
tt9466114,The Idea of You,115,R,6.3,72000,67,2024-05-02
tt20316748,Twilight of the Warriors: Walled In,126,R,7.0,9000,77,2024-05-01
tt24131288,Cash Out,92,R,4.8,2900,46,2024-04-27
tt16426418,Challengers,131,R,7.0,152000,82,2024-04-26
tt13923084,Boy Kills World,111,R,6.4,35000,47,2024-04-26
tt26744289,Infested,106,Not Rated,6.2,12000,70,2024-04-26
tt23638614,Unsung Hero,113,PG,7.0,4900,46,2024-04-26
tt26315142,Totem,95,Unrated,7.0,3700,91,2024-04-23
tt15353574,Hard Miles,108,PG-13,6.4,1100,70,2024-04-19
tt5177120,The Ministry of Ungentlemanly Warfare,122,R,6.8,132000,55,2024-04-19
tt27489557,Abigail,109,R,6.6,95000,62,2024-04-19
tt30180830,Sasquatch Sunset,88,R,5.4,5300,66,2024-04-19
tt23137904,Rebel Moon - Part Two: The Scargiver,122,PG-13,5.3,59000,35,2024-04-19
tt19869662,Irena's Vow,121,R,6.7,2100,77,2024-04-19
tt26684398,Spy x Family Code: White,110,PG-13,7.3,6600,68,2024-04-19
tt7575046,Riddle of Fire,115,PG-13,6.5,1800,58,2024-04-17
tt20112746,Sting,91,R,5.7,16000,57,2024-04-12
tt7738330,The Long Game,112,PG,6.7,6900,65,2024-04-12
tt22939186,Arcadian,92,R,5.5,23000,57,2024-04-12
tt10353588,The Absence of Eden,85,R,4.8,628,55,2024-04-12
tt17279496,Civil War,109,R,7.0,233000,75,2024-04-12
tt15140278,Coup de Chance,93,PG-13,6.4,9800,64,2024-04-05
tt21279806,Scoop,102,TV-14,6.5,20000,63,2024-04-05
tt22890246,How to Have Sex,91,Not Rated,6.5,20000,79,2024-04-05
tt5672290,The First Omen,119,R,6.5,63000,65,2024-04-05
tt20234774,Wicked Little Letters,100,R,7.0,37000,58,2024-04-05
tt17009348,DogMan,115,R,6.8,19000,45,2024-04-05
tt9214772,Monkey Man,121,R,6.8,90000,70,2024-04-05
tt22004344,Snack Shack,112,R,7.0,12000,64,2024-04-02
tt9663896,Asphalt City,125,R,6.1,7300,47,2024-03-29
tt14539740,Godzilla x Kong: The New Empire,115,PG-13,6.1,120000,47,2024-03-29
tt10370812,The Settlers,97,Not Rated,6.9,5700,80,2024-03-29
tt14561712,La Chimera,131,Not Rated,7.3,17000,91,2024-03-29
tt15782690,In the Land of Saints and Sinners,106,R,6.4,26000,60,2024-03-29
tt21103576,Fitting In,105,R,6.1,1100,67,2024-03-23
tt15078804,Problemista,104,R,6.8,8200,68,2024-03-22
tt15560314,The Monk and the Gun,107,PG-13,7.1,3500,74,2024-03-22
tt21235248,Ghostbusters: Frozen Empire,115,PG-13,6.1,92000,46,2024-03-22
tt14966898,Late Night with the Devil,93,R,7.0,121000,72,2024-03-22
tt8542964,Sleeping Dogs,110,R,6.2,21000,45,2024-03-22
tt23137390,Immaculate,89,R,5.8,52000,57,2024-03-22
tt17009710,Anatomy of a Fall,151,R,7.6,172000,86,2024-03-22
tt3359350,Road House,121,R,6.2,166000,57,2024-03-21
tt30007864,The American Society of Magical Negroes,104,PG-13,3.7,12000,50,2024-03-15
tt10720352,Arthur the King,107,PG-13,7.0,34000,54,2024-03-15
tt21957774,Irish Wish,93,TV-PG,5.2,21000,46,2024-03-15
tt20115766,Knox Goes Away,114,R,7.0,26000,54,2024-03-15
tt14852624,Stopmotion,93,R,5.6,9700,65,2024-03-15
tt16431966,Sometimes I Think About Dying,94,PG-13,6.6,6400,68,2024-03-12
tt22866050,Dandelion,113,R,5.3,388,66,2024-03-10
tt26658104,Imaginary,104,PG-13,4.7,17000,34,2024-03-08
tt21692408,Kung Fu Panda 4,94,PG,6.3,67000,54,2024-03-08
tt9201172,Accidental Texan,104,PG-13,5.9,766,51,2024-03-08
tt13884444,American Dreamer,98,R,6.0,2300,53,2024-03-08
tt14351082,Cabrini,142,PG-13,7.3,8500,51,2024-03-08
tt13452446,Damsel,110,PG-13,6.1,108000,46,2024-03-08
tt1660648,Ricky Stanicky,113,R,6.2,55000,44,2024-03-07
tt21987878,Day of the Fight,108,R,7.0,472,64,2024-03-07
tt11097384,Spaceman,107,R,5.7,42000,55,2024-03-01
tt15239678,Dune: Part Two,166,PG-13,8.5,615000,79,2024-03-01
tt21270966,Scrambled,100,R,5.8,1500,70,2024-03-01
tt26861992,Mea Culpa,120,R,4.2,7000,33,2024-02-23
tt30395619,Demon Slayer: Kimetsu No Yaiba - To the Hashira Training,104,R,7.1,8300,61,2024-02-23
tt4996328,Ordinary Angels,118,PG,7.4,15000,57,2024-02-23
tt19356262,Drive-Away Dolls,84,R,5.4,23000,56,2024-02-23
tt7160372,The Zone of Interest,105,PG-13,7.3,132000,92,2024-02-20
tt19864802,Land of Bad,113,R,6.6,50000,57,2024-02-16
tt30215084,This Is Me... Now,65,PG-13,4.1,7100,61,2024-02-16
tt24216998,Humanist Vampire Seeking Consenting Suicidal Person,90,Unrated,7.0,8000,70,2024-02-15
tt11057302,Madame Web,116,PG-13,4.0,99000,26,2024-02-14
tt8521778,Bob Marley: One Love,107,PG-13,6.2,34000,43,2024-02-14
tt17527468,Bottoms,91,R,6.7,52000,74,2024-02-14
tt21830902,Upgraded,104,R,6.1,29000,59,2024-02-09
tt7527682,Out of Darkness,88,R,5.5,7100,68,2024-02-09
tt19760052,The Taste of Things,135,PG-13,7.4,17000,85,2024-02-09
tt21188080,Lisa Frankenstein,101,PG-13,6.1,28000,47,2024-02-09
tt20256448,Force of Nature: The Dry 2,120,R,5.9,6800,58,2024-02-08
tt15009428,Argylle,139,PG-13,5.6,92000,35,2024-02-02
tt28066777,Orion and the Dark,93,TV-Y7,6.3,17000,72,2024-02-02
tt22778346,The Seeding,100,TV-MA,5.0,2200,47,2024-01-26
tt19984386,American Star,107,R,5.5,2400,66,2024-01-26
tt21222462,The Good Mother,90,R,4.7,2500,45,2024-01-26
tt15771916,You Hurt My Feelings,93,R,6.5,16000,80,2024-01-26
tt8310486,Miller's Girl,93,R,5.2,23000,41,2024-01-26
tt13818368,Fighter,166,Not Rated,6.2,52000,63,2024-01-25
tt21810682,The End We Start From,102,R,5.9,7900,65,2024-01-19
tt13655120,I.S.S.,95,R,5.3,12000,53,2024-01-19
tt13321244,Origin,141,PG-13,7.2,7200,75,2024-01-19
tt20424130,Mob Land,112,R,5.3,3500,47,2024-01-17
tt22207786,Red Rooms,118,Not Rated,7.1,14000,80,2024-01-17
tt11762114,Mean Girls,112,PG-13,5.5,37000,58,2024-01-12
tt15314262,The Beekeeper,105,R,6.3,153000,53,2024-01-12
tt26084002,Self Reliance,85,R,6.0,18000,59,2024-01-12
tt22866358,The Book of Clarence,129,PG-13,5.7,7200,57,2024-01-12
tt24078380,The Disappearance of Shere Hite,118,R,7.5,667,83,2024-01-12
tt12964320,Role Play,100,R,5.5,19000,38,2024-01-12
tt14371878,Lift,107,PG-13,5.5,49000,40,2024-01-12
tt21874760,The Coffee Table,89,"16+",6.7,9200,72,2024-01-11
tt9682428,Night Swim,98,PG-13,4.7,27000,43,2024-01-05
tt19864828,Memory,103,R,6.7,8800,71,2024-01-05
tt16277242,Society of the Snow,144,R,7.8,160000,72,2024-01-04
tt3758542,Ferrari,130,R,6.4,62000,73,2023-12-25
tt1200263,The Color Purple,141,PG-13,6.8,19000,72,2023-12-25
tt1856080,The Boys in the Boat,123,PG-13,7.0,27000,54,2023-12-25
tt26047818,Anyone But You,103,R,6.1,141000,52,2023-12-22
tt23561236,American Fiction,117,R,7.5,110000,81,2023-12-22
tt11534720,All Dirt Roads Taste of Salt,92,PG,5.9,1300,87,2023-12-22
tt17351924,Saltburn,131,R,7.0,242000,61,2023-12-22
tt14230458,Poor Things,141,R,7.8,336000,88,2023-12-22
tt21064584,The Iron Claw,132,R,7.6,103000,73,2023-12-22
tt6495056,Migration,83,PG,6.6,39000,56,2023-12-22
tt21192142,All of Us Strangers,105,R,7.6,70000,90,2023-12-22
tt9663764,Aquaman and the Lost Kingdom,124,PG-13,5.6,105000,42,2023-12-22
tt14998742,Rebel Moon - Part One: A Child of Fire,133,PG-13,5.6,135000,31,2023-12-21
tt27503384,Perfect Days,124,PG,7.9,80000,80,2023-12-21
tt5535276,Maestro,129,R,6.5,67000,77,2023-12-20
tt16431870,The Family Plan,118,PG-13,6.3,52000,39,2023-12-15
tt8337264,Chicken Run: Dawn of the Nugget,98,PG,6.3,27000,63,2023-12-15
tt7991508,Finestkind,126,R,6.1,11000,44,2023-12-15
tt6166392,Wonka,116,PG,7.0,175000,66,2023-12-15
tt6337816,Monica,106,R,6.3,1600,75,2023-12-15
tt18558306,The Delinquents,189,Unrated,6.8,4300,85,2023-12-15
tt28097834,The Mission,103,PG-13,6.3,1200,74,2023-12-08
tt5198890,Eileen,97,R,5.9,17000,72,2023-12-08
tt27145269,Mr. Monk's Last Case: A Monk Movie,97,TV-PG,6.7,11000,65,2023-12-08
tt12747748,Leave the World Behind,138,R,6.4,228000,68,2023-12-08
tt6587046,The Boy and the Heron,124,PG-13,7.4,93000,91,2023-12-08
tt24076146,The Persian Version,107,R,6.2,4300,61,2023-12-05
tt13651794,May December,117,R,6.8,68000,86,2023-12-01
tt13751694,Animal,204,Not Rated,6.1,105000,33,2023-12-01
tt15799866,Silent Night,104,R,5.3,25000,53,2023-12-01
tt27619382,It's a Wonderful Knife,87,R,5.2,8600,52,2023-12-01
tt29354040,Renaissance: A Film by Beyoncé,169,Not Rated,8.6,3700,86,2023-12-01
tt23289160,Godzilla Minus One,124,PG-13,7.7,168000,81,2023-12-01
tt14227048,Family Switch,106,PG,5.7,30000,37,2023-11-30
tt25470468,Beyond Utopia,115,PG-13,7.9,4500,85,2023-11-28
tt25289836,Good Burger 2,90,TV-PG,5.3,4200,48,2023-11-22
tt13287846,Napoleon,158,R,6.3,171000,64,2023-11-22
tt21942866,Dream Scenario,102,R,6.8,84000,74,2023-11-22
tt11304740,Wish,95,PG,5.6,46000,47,2023-11-22
tt23736044,Monster,127,PG-13,7.8,34000,79,2023-11-22
tt21996838,Mister Organ,96,TV-MA,6.6,1400,72,2023-11-21
tt5755238,Leo,102,PG,7.0,42000,65,2023-11-21
tt14362112,Trolls Band Together,91,PG,6.0,18000,53,2023-11-17
tt10545296,The Hunger Games: The Ballad of Songbirds & Snakes,157,PG-13,6.7,155000,54,2023-11-17
tt1448754,Thanksgiving,106,R,6.2,70000,63,2023-11-17
tt10767052,Next Goal Wins,104,PG-13,6.5,29000,44,2023-11-17
tt21335356,Please Don't Destroy: The Treasure of Foggy Mountain,92,R,6.0,9900,49,2023-11-17
tt7645334,Landscape with Invisible Hand,105,R,5.9,4100,53,2023-11-16
tt16424988,Your Lucky Day,89,R,5.9,3800,64,2023-11-14
tt21867434,BlackBerry,120,R,7.3,55000,78,2023-11-13
tt14849194,The Holdovers,133,R,7.9,197000,82,2023-11-10
tt1136617,The Killer,118,R,6.7,209000,73,2023-11-10
tt10676048,The Marvels,105,PG-13,5.5,146000,50,2023-11-10
tt2950418,Greater,130,PG,7.3,9300,35,2023-11-08
tt8258502,Foe,110,R,5.4,12000,44,2023-11-07
tt8002382,The Marsh King's Daughter,109,R,5.9,14000,47,2023-11-03
tt22041854,Priscilla,113,R,6.5,46000,79,2023-11-03
tt14570440,Radical,125,PG-13,7.8,6600,70,2023-11-03
tt5302918,Nyad,121,PG-13,7.1,43000,63,2023-11-03
tt19890316,What Happens Later,103,R,4.8,4500,59,2023-11-03
tt15744298,Freelance,108,R,5.5,25000,26,2023-10-27
tt15257160,Pain Hustlers,123,R,6.6,52000,44,2023-10-27
tt4589218,Five Nights at Freddy's,109,PG-13,5.4,110000,33,2023-10-27
tt21191906,After Death,108,PG-13,6.3,1900,28,2023-10-27
tt16300962,When Evil Lurks,99,Not Rated,6.9,50000,75,2023-10-27
tt1462759,Butcher's Crossing,105,R,5.6,6200,55,2023-10-26
tt15768848,The Pod Generation,110,PG-13,5.6,6100,60,2023-10-25
tt18394190,Old Dads,104,R,6.2,45000,42,2023-10-20
tt9100018,Cobweb,88,R,5.9,41000,50,2023-10-20
tt7130916,Dicks: The Musical,86,R,5.3,3800,57,2023-10-20
tt5537002,Killers of the Flower Moon,206,R,7.6,279000,89,2023-10-20
tt10651230,The Peasants,114,R,7.6,7900,61,2023-10-13
tt5648882,The Burial,126,R,7.1,40000,74,2023-10-13
tt6689014,She Came to Me,102,R,6.0,8000,53,2023-10-12
tt28814949,Taylor Swift: The Eras Tour,169,PG-13,8.0,24000,82,2023-10-12
tt28639049,We Grown Now,93,PG,6.8,1200,76,2023-10-11
tt15488088,Moving On,85,R,6.0,4000,60,2023-10-11
tt16304446,Fair Play,113,R,6.4,44000,73,2023-10-06
tt11426232,Totally Killer,106,R,6.5,62000,62,2023-10-06
tt16252698,Passages,91,Unrated,6.6,14000,80,2023-10-06
tt18363072,The Royal Hotel,91,R,5.8,14000,77,2023-10-06
tt11242654,They Shot the Piano Player,104,PG-13,6.6,852,74,2023-10-06
tt21376900,Bobi Wine: The People's President,113,PG-13,7.1,1900,72,2023-10-06
tt12921446,The Exorcist: Believer,111,R,4.8,46000,39,2023-10-06
tt14647404,Cat Person,118,R,6.0,7400,48,2023-10-06
tt20561198,The Promised Land,127,R,7.7,32000,77,2023-10-05
tt13200006,Shayda,117,PG-13,6.7,1200,76,2023-10-05
tt13274016,Reptile,134,R,6.8,102000,52,2023-09-29
tt15837338,PAW Patrol: The Mighty Movie,88,PG,5.9,5800,49,2023-09-29
tt21807222,Saw X,118,R,6.6,88000,60,2023-09-29
tt11858890,The Creator,133,PG-13,6.7,184000,63,2023-09-29
tt13957560,Dumb Money,105,R,6.9,56000,66,2023-09-29
tt11908172,The Kill Room,98,R,5.5,8400,58,2023-09-29
tt0308129,Conspiracy of Silence,90,Not Rated,6.5,443,46,2023-09-25
tt14509110,No One Will Save You,93,PG-13,6.3,74000,60,2023-09-22
tt15683734,It Lives Inside,99,PG-13,5.2,8500,50,2023-09-22
tt3291150,The Expendables 4,103,R,4.8,49000,30,2023-09-22
tt20358284,The Lesson,103,R,6.1,3300,62,2023-09-22
tt13729232,The Origin of Evil,123,R,6.6,2000,68,2023-09-22
tt22687790,A Haunting in Venice,103,PG-13,6.5,130000,63,2023-09-15
tt8667828,Outlaw Johnny Black,130,PG-13,5.6,1800,54,2023-09-15
tt5822848,The Inventor,100,PG,5.7,784,66,2023-09-15
tt2183014,Love at First Sight,91,PG-13,6.8,39000,55,2023-09-15
tt21027780,Fallen Leaves,81,Unrated,7.3,32000,86,2023-09-14
tt21232992,Theater Camp,92,PG-13,6.9,18000,70,2023-09-14
tt14781036,Inside,105,R,5.5,20000,53,2023-09-12
tt8511466,Aporia,104,R,5.6,2400,60,2023-09-12
tt21103300,My Big Fat Greek Wedding 3,92,PG-13,5.2,11000,35,2023-09-08
tt10160976,The Nun II,110,R,5.6,69000,47,2023-09-08
tt9428746,Aristotle and Dante Discover the Secrets of the Universe,98,PG-13,7.1,2900,69,2023-09-08
tt14225838,Io Capitano,121,Not Rated,7.6,16000,79,2023-09-07
tt9048804,Birth/Rebirth,98,R,6.2,7800,78,2023-09-05
tt17024450,The Equalizer 3,109,R,6.8,143000,58,2023-09-01
tt6906292,Retribution,91,R,5.3,25000,43,2023-08-25
tt4495098,Gran Turismo,134,PG-13,7.1,119000,48,2023-08-25
tt14454876,Golda,100,PG-13,6.0,14000,48,2023-08-25
tt21276878,You Are So Not Invited to My Bat Mitzvah,103,PG-13,5.9,26000,71,2023-08-25
tt8649252,Scrapper,84,Not Rated,6.9,7500,74,2023-08-25
tt8051894,The Hill,126,PG,6.7,7700,48,2023-08-25
tt15153532,Strays,93,R,6.3,35000,54,2023-08-18
tt27074938,Every Body,92,R,6.6,1000,77,2023-08-18
tt9362930,Blue Beetle,127,PG-13,5.9,107000,61,2023-08-18
tt6048442,Back on the Strip,117,R,4.2,773,48,2023-08-18
tt1001520,The Last Voyage of the Demeter,118,R,6.1,62000,52,2023-08-11
tt10172266,"Red, White & Royal Blue",118,R,6.9,57000,62,2023-08-11
tt15428940,Jules,87,PG-13,6.8,15000,57,2023-08-11
tt13603966,Heart of Stone,122,PG-13,5.7,65000,44,2023-08-11
tt9224104,Meg 2: The Trench,116,PG-13,5.0,91000,40,2023-08-04
tt21979910,The Passenger,94,Unrated,6.4,10000,62,2023-08-04
tt14483774,Shortcomings,92,R,6.4,4200,67,2023-08-04
tt8589698,Teenage Mutant Ninja Turtles: Mutant Mayhem,99,PG,7.2,72000,74,2023-08-02
tt12121582,When You Finish Saving the World,88,R,5.6,5400,61,2023-07-31
tt22528178,Kokomo City,73,R,7.1,1400,79,2023-07-28
tt10638522,Talk to Me,95,R,7.1,179000,76,2023-07-28
tt15242330,The First Slam Dunk,124,PG-13,8.1,11000,79,2023-07-28
tt21991654,Sympathy for the Devil,90,Unrated,5.5,13000,54,2023-07-28
tt1695843,Haunted Mansion,123,PG-13,6.0,47000,47,2023-07-28
tt15509244,Happiness for Beginners,103,TV-14,6.1,21000,48,2023-07-27
tt15398776,Oppenheimer,180,R,8.3,869000,90,2023-07-21
tt9873892,They Cloned Tyrone,122,R,6.6,45000,74,2023-07-21
tt1517268,Barbie,114,PG-13,6.8,601000,80,2023-07-21
tt18317064,Tori and Lokita,88,Not Rated,7.1,3300,78,2023-07-18
tt12712604,The Miracle Club,90,PG-13,6.4,7200,49,2023-07-14
tt9603212,Mission: Impossible - Dead Reckoning Part One,163,PG-13,7.6,282000,81,2023-07-12
tt21156390,The Starling Girl,117,R,6.7,2800,78,2023-07-11
tt13405778,Insidious: The Red Door,107,PG-13,5.5,57000,45,2023-07-07
tt15268244,Joy Ride,95,R,6.4,27000,74,2023-07-07
tt11274492,The Out-Laws,95,R,5.4,39000,36,2023-07-07
tt27502426,Four Daughters,107,Not Rated,7.4,3900,80,2023-07-05
tt7599146,Sound of Freedom,131,PG-13,7.6,129000,36,2023-07-04
tt27155038,Ruby Gillman: Teenage Kraken,91,PG,5.7,13000,50,2023-06-30
tt19500164,Nimona,101,PG,7.5,56000,75,2023-06-30
tt1462764,Indiana Jones and the Dial of Destiny,154,PG-13,6.5,218000,58,2023-06-30
tt14030682,Who We Are: A Chronicle of Racism in America,117,PG-13,7.7,1300,73,2023-06-29
tt19319352,Mayhem!,99,R,6.3,3000,55,2023-06-28
tt13483866,Linoleum,101,TV-PG,6.5,3900,80,2023-06-24
tt14270702,God Is a Bullet,156,Not Rated,5.7,8200,31,2023-06-23
tt19896150,The Angry Black Girl and Her Monster,91,Not Rated,5.4,2300,62,2023-06-23
tt15671028,No Hard Feelings,103,R,6.3,192000,59,2023-06-23
tt13238346,Past Lives,105,PG-13,7.8,149000,94,2023-06-23
tt14230388,Asteroid City,105,PG-13,6.4,130000,76,2023-06-23
tt19623228,Godland,143,Unrated,7.1,8500,81,2023-06-20
tt11703244,The Blackening,97,R,6.0,22000,67,2023-06-16
tt12263384,Extraction II,122,R,7.0,162000,57,2023-06-16
tt0439572,The Flash,144,PG-13,6.6,231000,55,2023-06-16
tt15789038,Elemental,101,PG,7.0,148000,58,2023-06-16
tt6875952,Carmen,116,R,5.7,1400,59,2023-06-14
tt5090568,Transformers: Rise of the Beasts,127,PG-13,6.0,120000,42,2023-06-09
tt9201772,Mending the Line,122,R,6.7,1800,56,2023-06-09
tt8105234,Flamin' Hot,99,PG-13,6.8,19000,58,2023-06-09
tt3427252,The Boogeyman,98,PG-13,5.9,49000,55,2023-06-02
tt18272884,Padre Pio,104,R,4.5,1600,41,2023-06-02
tt9362722,Spider-Man: Across the Spider-Verse,140,PG,8.5,444000,86,2023-06-02
tt12229370,Mothering Sunday,104,R,6.1,5400,66,2023-06-01
tt24068064,Reality,83,TV-MA,6.7,26000,84,2023-05-29
tt15342244,Master Gardener,111,R,6.1,12000,63,2023-05-26
tt11040844,The Machine,112,R,5.7,17000,37,2023-05-26
tt8373206,About My Father,90,PG-13,5.7,16000,39,2023-05-26
tt5761544,Kandahar,119,R,6.1,40000,52,2023-05-26
tt5971474,The Little Mermaid,135,PG,7.2,167000,59,2023-05-26
tt26520932,Wild Life,93,PG-13,7.1,816,67,2023-05-26
tt20916568,The Wrath of Becky,84,R,6.1,16000,51,2023-05-25
tt10925852,A Mouthful of Air,105,R,6.1,3100,52,2023-05-22
tt6436620,White Men Can't Jump,101,R,5.2,11000,40,2023-05-19
tt15364972,Sanctuary,96,R,6.2,11000,67,2023-05-19
tt5433140,Fast X,141,PG-13,5.7,133000,56,2023-05-19
tt13259610,The Outwaters,110,Not Rated,3.9,5000,72,2023-05-18
tt13391708,The Five Devils,103,Unrated,6.7,5600,68,2023-05-12
tt20768712,Book Club: The Next Chapter,107,PG-13,5.6,8500,46,2023-05-12
tt6968614,The Mother,115,R,5.6,51000,45,2023-05-12
tt8080204,Hypnotic,93,R,5.5,42000,53,2023-05-12
tt6528290,Knights of the Zodiac,112,PG-13,4.4,16000,35,2023-05-12
tt9013340,Fool's Paradise,98,R,4.7,7000,27,2023-05-12
tt10276482,Love Again,104,PG-13,5.9,17000,32,2023-05-05
tt6791350,Guardians of the Galaxy Vol. 3,150,PG-13,7.9,422000,64,2023-05-05
tt13430858,What's Love Got to Do with It?,108,PG-13,6.3,11000,59,2023-05-05
tt26612950,The Teachers' Lounge,98,PG-13,7.4,26000,82,2023-05-04
tt13885492,Little Richard: I Am Everything,101,TV-MA,7.4,1800,81,2023-05-04
tt13923216,Showing Up,107,R,6.3,6500,86,2023-05-03
tt1777595,"50 to 1",110,PG-13,6.3,2400,37,2023-05-01
tt9883832,Moonage Daydream,135,PG-13,7.6,16000,83,2023-04-29
tt9185206,"Are You There God? It's Me, Margaret.",106,PG-13,7.3,33000,84,2023-04-28
tt5635026,Peter Pan & Wendy,106,PG,4.4,29000,61,2023-04-28
tt14846026,Sisu,91,R,6.9,93000,70,2023-04-28
tt18081000,The End of Sex,87,R,5.1,750,43,2023-04-28
tt12226632,Big George Foreman,129,PG-13,6.6,11000,45,2023-04-28
tt18257464,Polite Society,104,PG-13,6.6,12000,75,2023-04-28
tt4873118,Guy Ritchie's the Covenant,123,R,7.5,187000,63,2023-04-21
tt14097180,Somewhere in Queens,106,R,6.8,5900,61,2023-04-21
tt13521006,Beau Is Afraid,179,R,6.7,71000,63,2023-04-21
tt13345606,Evil Dead Rise,96,R,6.5,154000,69,2023-04-21
tt15326988,Ghosted,116,PG-13,5.8,72000,34,2023-04-21
tt16428256,Suzume,122,PG,7.6,52000,77,2023-04-14
tt13923456,Mafia Mamma,101,R,5.4,13000,42,2023-04-14
tt13375076,The Pope's Exorcist,103,R,6.1,95000,45,2023-04-14
tt15767808,The Last Kingdom: Seven Kings Must Die,117,TV-MA,6.9,40000,48,2023-04-14
tt11358390,Renfield,93,R,6.4,111000,53,2023-04-14
tt0493395,Badland,165,R,6.2,568,30,2023-04-07
tt14472156,Paint,96,PG-13,5.0,5900,45,2023-04-07
tt14967472,Of an Age,100,R,7.1,4800,69,2023-04-07
tt18550182,R.M.N.,125,Unrated,7.2,6000,81,2023-04-07
tt21440780,How to Blow Up a Pipeline,104,R,6.9,11000,76,2023-04-07
tt10275534,To Catch a Killer,119,R,6.6,51000,43,2023-04-06
tt12758486,Chevalier,108,PG-13,6.5,7600,67,2023-04-06
tt12672536,The Three Musketeers - Part I: D'Artagnan,121,Not Rated,6.7,24000,79,2023-04-05
tt6718170,The Super Mario Bros. Movie,92,PG,7.0,264000,46,2023-04-05
tt16419074,Air,111,R,7.4,182000,73,2023-04-05
tt10362566,The Exorcism of God,98,R,5.3,5800,41,2023-04-01
tt15471560,Smoking Causes Coughing,77,Not Rated,6.5,5800,74,2023-03-31
tt12427158,A Thousand and One,117,R,7.0,8100,81,2023-03-31
tt2906216,Dungeons & Dragons: Honor Among Thieves,134,PG-13,7.2,257000,72,2023-03-31
tt12758060,Tetris,118,R,7.4,95000,61,2023-03-31
tt15255288,Murder Mystery 2,90,PG-13,5.7,76000,44,2023-03-31
tt10366206,John Wick: Chapter 4,169,R,7.6,372000,78,2023-03-24
tt14153080,A Good Person,128,R,7.1,26000,50,2023-03-24
tt13421498,The Lost King,108,PG-13,6.7,9500,64,2023-03-24
tt12311866,Children of the Corn,93,R,3.8,4900,22,2023-03-21
tt8709338,Hard Luck Love Song,104,R,5.3,568,56,2023-03-21
tt12024308,Wildflower,105,R,6.8,4700,52,2023-03-21
tt10151854,Shazam! Fury of the Gods,130,PG-13,5.9,135000,47,2023-03-17
tt2560078,Boston Strangler,112,R,6.5,38000,58,2023-03-17
tt19623240,Winnie-the-Pooh: Blood and Honey,84,Not Rated,2.9,33000,16,2023-03-17
tt21190556,You Can Call Me Bill,96,PG-13,6.8,512,68,2023-03-16
tt13846494,Medusa,132,Unrated,5.8,905,67,2023-03-16
tt12447796,Unwelcome,104,R,5.4,7100,64,2023-03-14
tt3155298,Luther: The Fallen Sun,129,R,6.4,69000,53,2023-03-10
tt17663992,Scream VI,122,R,6.4,136000,61,2023-03-10
tt15339570,Champions,124,PG-13,6.8,32000,50,2023-03-10
tt12261776,"65",93,PG-13,5.4,99000,40,2023-03-10
tt11145118,Creed III,116,PG-13,6.7,99000,73,2023-03-03
tt11423420,Please Baby Please,95,Not Rated,5.7,1300,65,2023-03-03
tt7985704,Operation Fortune: Ruse de Guerre,114,R,6.3,99000,51,2023-03-03
tt21374850,All the Beauty and the Bloodshed,113,Unrated,7.5,8700,91,2023-02-28
tt14209916,Cocaine Bear,95,R,5.9,119000,54,2023-02-24
tt10098448,Jesus Revolution,120,PG-13,7.1,15000,46,2023-02-24
tt12573454,Sharper,116,R,6.7,35000,65,2023-02-17
tt10954600,Ant-Man and the Wasp: Quantumania,124,PG-13,6.0,248000,48,2023-02-17
tt6722802,Marlowe,109,R,5.4,13000,41,2023-02-15
tt14960854,Swallowed,96,R,5.3,3500,53,2023-02-14
tt15333984,Somebody I Used to Know,106,R,5.7,9100,57,2023-02-10
tt14993352,Consecration,91,R,5.2,4600,40,2023-02-10
tt16280138,Magic Mike's Last Dance,112,R,5.2,19000,52,2023-02-10
tt12823454,Your Place or Mine,109,PG-13,5.7,42000,49,2023-02-10
tt16377862,All That Breathes,97,Not Rated,7.0,5200,87,2023-02-07
tt15679400,Knock at the Cabin,100,R,6.1,133000,63,2023-02-03
tt18079362,"80 for Brady",98,PG-13,5.9,13000,52,2023-02-03
tt21307994,Skinamarink,100,Not Rated,4.7,18000,66,2023-02-02
tt10365998,Infinity Pool,117,R,6.0,67000,72,2023-01-27
tt14826022,You People,117,R,5.5,65000,50,2023-01-27
tt20879602,Maybe I Do,95,PG-13,5.0,11000,42,2023-01-27
tt9686790,Shotgun Wedding,101,R,5.5,41000,46,2023-01-27
tt5884796,Plane,107,R,6.5,91000,62,2023-01-27
tt13669038,Women Talking,104,PG-13,6.9,46000,77,2023-01-27
tt15486810,Teen Wolf: The Movie,141,TV-MA,5.6,16000,51,2023-01-26
tt12844910,Pathaan,146,Not Rated,5.8,160000,47,2023-01-25
tt13539646,The Wandering Earth II,173,Not Rated,6.7,15000,56,2023-01-22
tt19652910,EO,88,Not Rated,6.7,16000,85,2023-01-21
tt14458442,The Son,123,PG-13,6.5,18000,45,2023-01-20
tt10855768,Missing,111,PG-13,7.1,67000,66,2023-01-20
tt11687104,"Alice, Darling",89,R,5.6,13000,65,2023-01-20
tt14308636,Bank of Dave,107,PG-13,7.1,15000,60,2023-01-16
tt9663168,The Devil Conspiracy,111,R,4.6,4400,37,2023-01-13
tt7405458,A Man Called Otto,126,PG-13,7.5,190000,51,2023-01-13
tt14642626,Sick,83,R,6.0,23000,62,2023-01-13
tt8005118,House Party,100,R,4.4,4700,41,2023-01-13
tt13698942,The Immaculate Room,92,R,5.1,6600,42,2023-01-10
tt8760708,M3GAN,102,PG-13,6.3,161000,72,2023-01-06
tt14138650,The Pale Blue Eye,128,R,6.6,132000,56,2023-01-06
tt6160448,White Noise,136,R,5.7,46000,66,2022-12-30
tt3447590,Matilda: The Musical,117,PG,7.0,31000,72,2022-12-25
tt12193804,Whitney Houston: I Wanna Dance with Somebody,144,PG-13,6.6,25000,51,2022-12-23
tt10640346,Babylon,189,R,7.1,192000,61,2022-12-23
tt13097336,The Lady of Heaven,141,R,5.7,15000,41,2022-12-23
tt11564570,Glass Onion,139,PG-13,7.1,473000,81,2022-12-23
tt3915174,Puss in Boots: The Last Wish,102,PG,7.8,201000,73,2022-12-21
tt13833688,The Whale,117,R,7.6,243000,60,2022-12-21
tt7326608,The Almond and the Seahorse,96,Unrated,5.4,560,43,2022-12-16
tt10473036,The Amazing Maurice,93,PG,6.2,6100,53,2022-12-16
tt1630029,Avatar: The Way of Water,192,PG-13,7.5,530000,67,2022-12-16
tt22352776,Ernest and Celestine: A Trip to Gibberitia,80,Not Rated,7.0,926,78,2022-12-14
tt14641542,The Eight Mountains,147,Not Rated,7.7,18000,78,2022-12-14
tt12530246,Emancipation,132,R,6.3,29000,53,2022-12-09
tt16378064,To the End,94,R,3.4,1700,64,2022-12-09
tt20853816,The Mean One,93,Not Rated,4.0,2300,29,2022-12-09
tt1488589,Guillermo del Toro's Pinocchio,117,PG,7.6,120000,79,2022-12-09
tt22042742,Christmas Bloody Christmas,86,Not Rated,5.1,6400,46,2022-12-09
tt7775720,Spoiler Alert,112,PG-13,7.3,8400,61,2022-12-09
tt16233952,Something from Tiffany's,87,PG,6.2,12000,46,2022-12-09
tt14402146,Empire of Light,115,R,6.7,26000,54,2022-12-09
tt6931658,Hunt,131,Not Rated,6.7,6400,55,2022-12-02
tt14369780,Lady Chatterley's Lover,126,R,6.6,25000,67,2022-12-02
tt16378164,The Territory,85,PG,7.5,1400,83,2022-12-02
tt13874422,The Eternal Daughter,96,PG-13,5.9,7000,80,2022-12-02
tt12003946,Violent Night,112,R,6.7,113000,55,2022-12-02
tt13495458,The Inspection,95,R,6.7,5600,73,2022-12-02
tt11116912,Troll,101,TV-14,5.8,52000,62,2022-12-01
tt14158346,Sharp Stick,92,R,4.9,2500,53,2022-11-28
tt15467380,That Time I Got Reincarnated as a Slime the Movie: Scarlet Bond,114,PG-13,6.9,2400,41,2022-11-25
tt16302202,The Estate,96,R,5.3,6100,37,2022-11-24
tt14208870,The Fabelmans,151,PG-13,7.5,127000,85,2022-11-23
tt10298840,Strange World,102,PG,5.7,48000,65,2022-11-23
tt7693316,Devotion,139,PG-13,6.6,30000,66,2022-11-23
tt15376894,Saint Omer,122,PG-13,6.8,5800,91,2022-11-23
tt10168670,Bones and All,131,R,6.8,66000,74,2022-11-23
tt8745676,The Swimmers,134,PG-13,7.4,38000,62,2022-11-23
tt14714980,Poker Face,94,Not Rated,5.2,15000,43,2022-11-22
tt14895716,Something in the Dirt,116,R,5.8,6000,76,2022-11-22
tt11198810,She Said,129,R,7.3,46000,74,2022-11-18
tt1596342,Disenchanted,119,PG,5.6,28000,50,2022-11-18
tt19770238,Aftersun,102,R,7.6,112000,95,2022-11-18
tt10999120,Spirited,127,PG-13,6.6,55000,55,2022-11-18
tt19719836,Return to Seoul,119,R,6.9,9700,87,2022-11-18
tt9764362,The Menu,107,R,7.2,448000,71,2022-11-18
tt13320662,Slumberland,117,PG,6.7,34000,40,2022-11-18
tt9288822,The Wonder,108,R,6.6,47000,71,2022-11-16
tt14656632,Paradise City,92,R,3.7,4700,31,2022-11-11
tt16227014,Fire of Love,98,PG,7.6,16000,84,2022-11-11
tt9114286,Black Panther: Wakanda Forever,161,PG-13,6.6,327000,67,2022-11-11
tt5806814,Charlotte,92,Not Rated,6.4,541,58,2022-11-09
tt14557188,Soft & Quiet,92,R,6.2,12000,82,2022-11-04
tt10192406,Causeway,94,R,6.6,25000,66,2022-11-04
tt13139228,My Policeman,113,R,6.5,24000,50,2022-11-04
tt17076046,Weird: The Al Yankovic Story,108,TV-14,6.9,44000,70,2022-11-04
tt10343028,Armageddon Time,114,R,6.5,17000,74,2022-11-04
tt16183464,One Piece Film: Red,115,PG-13,6.8,24000,69,2022-11-04
tt11813216,The Banshees of Inisherin,114,R,7.7,276000,87,2022-11-04
tt9051908,Living,102,PG-13,7.2,37000,81,2022-11-04
tt11052678,The Silent Twins,113,R,5.7,2600,59,2022-11-04
tt14641788,Enola Holmes 2,129,PG-13,6.8,109000,64,2022-11-04
tt0768183,Day Zero,92,R,5.9,3000,41,2022-11-03
tt9660502,Close,104,PG-13,7.8,43000,81,2022-11-01
tt4960748,Till,130,PG-13,7.2,17000,77,2022-10-28
tt7461272,Call Jane,121,R,6.5,6800,62,2022-10-28
tt1016150,All Quiet on the Western Front,148,R,7.8,271000,76,2022-10-28
tt14444726,Tár,158,R,7.4,103000,93,2022-10-28
tt9271672,Prey for the Devil,93,PG-13,5.3,20000,38,2022-10-28
tt8656686,Run Sweetheart Run,104,R,5.5,8300,51,2022-10-28
tt4273800,The Good Nurse,121,R,6.8,85000,65,2022-10-26
tt15301048,"Argentina, 1985",140,R,7.6,34000,78,2022-10-21
tt6443346,Black Adam,125,PG-13,6.2,290000,41,2022-10-21
tt14109724,Ticket to Paradise,104,PG-13,6.1,77000,50,2022-10-21
tt21651560,V/H/S/99,109,Not Rated,5.2,9800,58,2022-10-20
tt2935622,The School for Good and Evil,147,PG-13,5.9,39000,30,2022-10-19
tt11897478,The Stranger,117,TV-MA,6.6,28000,74,2022-10-19
tt10665342,Halloween Ends,111,R,5.0,78000,47,2022-10-14
tt12374656,Emily,130,R,6.8,9200,75,2022-10-14
tt10399608,Piggy,99,Not Rated,6.2,15000,72,2022-10-14
tt10354106,Stars at Noon,135,R,5.5,4300,65,2022-10-14
tt14668630,"Lyle, Lyle, Crocodile",106,PG,6.1,17000,51,2022-10-07
tt0887261,Hellraiser,121,R,5.9,52000,55,2022-10-07
tt8129806,To Leslie,119,R,7.1,19000,84,2022-10-07
tt15353964,Significant Other,84,R,5.7,17000,57,2022-10-07
tt16376512,Free Chol Soo Lee,83,PG-13,7.1,477,73,2022-10-07
tt4595186,Luckiest Girl Alive,113,R,6.4,58000,54,2022-10-07
tt10304142,Amsterdam,134,R,6.1,100000,49,2022-10-07
tt10403420,Terrifier 2,138,Not Rated,6.1,72000,59,2022-10-06
tt13482828,One Fine Morning,112,R,6.9,8100,86,2022-10-05
tt12908110,Mr. Harrigan's Phone,104,PG-13,6.0,41000,55,2022-10-05
tt12691830,A Love Song,81,PG,6.7,2500,78,2022-10-04
tt15208276,Summering,85,PG-13,4.4,506,50,2022-10-03
tt3104956,The Good House,104,R,6.4,3300,62,2022-09-30
tt8760670,Mona Lisa and the Blood Moon,106,R,6.2,6200,69,2022-09-30
tt11040762,Alice,100,R,5.6,3500,47,2022-09-30
tt20225374,Vesper,114,Not Rated,6.0,25000,70,2022-09-30
tt10375396,God's Creatures,100,R,6.0,3900,69,2022-09-30
tt10268488,The Greatest Beer Run Ever,126,R,6.8,33000,39,2022-09-30
tt15010292,Flux Gourmet,111,Not Rated,5.8,3400,79,2022-09-30
tt15474916,Smile,115,R,6.5,212000,68,2022-09-30
tt9731598,Bros,115,R,6.4,38000,72,2022-09-30
tt11909878,Hocus Pocus 2,103,PG,6.0,56000,56,2022-09-30
tt13270424,Brian and Charles,90,PG,6.7,9600,66,2022-09-30
tt1655389,Blonde,167,NC-17,5.5,75000,50,2022-09-28
tt14813212,The Munsters,109,PG,4.5,12000,57,2022-09-27
tt0420291,Keane,100,R,6.8,5900,79,2022-09-27
tt15445056,Athena,99,R,6.8,24000,73,2022-09-23
tt9783730,On the Come Up,116,PG-13,5.7,805,52,2022-09-23
tt5315210,Lou,107,R,6.1,36000,51,2022-09-23
tt10731256,Don't Worry Darling,123,R,6.3,163000,48,2022-09-23
tt14592998,The Railway Children Return,99,PG,5.5,1700,54,2022-09-23
tt9853500,Bandit,126,R,6.4,15000,54,2022-09-23
tt4554690,The Automat,79,TV-PG,7.8,1700,75,2022-09-22
tt5884230,Brad's Status,102,R,6.5,20000,71,2022-09-22
tt14857730,The Enforcer,90,R,5.3,5500,38,2022-09-22
tt7322224,Triangle of Sadness,147,R,7.3,200000,63,2022-09-18
tt8093700,The Woman King,135,PG-13,6.9,79000,76,2022-09-16
tt18925334,Pearl,103,R,7.0,137000,76,2022-09-16
tt9000184,Goodnight Mommy,92,R,5.7,17000,45,2022-09-16
tt11818818,God's Country,102,R,5.6,4500,77,2022-09-16
tt12718300,"Confess, Fletch",98,R,6.4,26000,64,2022-09-16
tt13327038,Do Revenge,118,TV-MA,6.3,54000,66,2022-09-16
tt7947604,In from the Side,134,Unrated,6.7,8100,42,2022-09-16
tt13640696,See How They Run,98,PG-13,6.5,69000,60,2022-09-16
tt13051724,L'immensità,99,Not Rated,6.4,3400,70,2022-09-15
tt13829262,Rubikon,110,Not Rated,5.0,4800,49,2022-09-15
tt11128440,Clerks III,100,R,6.2,20000,50,2022-09-13
tt8883486,Medieval,125,R,5.9,14000,46,2022-09-09
tt6277462,Brahmastra Part One: Shiva,167,Not Rated,5.6,114000,57,2022-09-09
tt15791034,Barbarian,102,R,7.0,218000,78,2022-09-09
tt4593060,Pinocchio,105,PG,5.1,44000,38,2022-09-08
tt3696180,The Forgiven,117,R,6.1,11000,59,2022-09-02
tt12655436,Honk for Jesus. Save Your Soul.,106,R,5.3,4400,63,2022-09-02
tt10341196,Gigi & Nate,114,PG-13,6.7,2300,45,2022-09-02
tt13535920,Both Sides of the Blade,116,Unrated,6.1,3800,73,2022-08-31
tt15083184,I Came By,110,TV-MA,6.2,36000,57,2022-08-31
tt6267600,Butter,111,PG-13,5.9,902,45,2022-08-31
tt9198364,Three Thousand Years of Longing,108,R,6.7,68000,60,2022-08-26
tt15333788,Out of the Blue,104,R,4.3,1800,39,2022-08-26
tt12311620,Breaking,103,PG-13,6.3,9800,66,2022-08-26
tt5500218,Samaritan,102,PG-13,5.7,58000,45,2022-08-26
tt14309446,Me Time,101,R,5.1,43000,25,2022-08-26
tt12873562,The Invitation,105,PG-13,5.3,38000,45,2022-08-26
tt19465630,Sniper. The White Raven,111,R,6.4,7200,54,2022-08-24
tt14596320,Spin Me Round,104,Unrated,5.2,6400,58,2022-08-19
tt13223398,Beast,93,R,5.6,46000,54,2022-08-19
tt11851548,Orphan: First Kill,99,R,5.9,51000,54,2022-08-19
tt14614892,Dragon Ball Super: Super Hero,100,PG-13,7.1,17000,65,2022-08-18
tt14298328,Look Both Ways,110,TV-14,6.3,25000,49,2022-08-17
tt15255876,Emily the Criminal,97,R,6.7,63000,75,2022-08-12
tt8110652,Bodies Bodies Bodies,94,R,6.2,83000,69,2022-08-12
tt15325794,Fall,107,PG-13,6.4,120000,62,2022-08-12
tt13314558,Day Shift,113,R,6.1,95000,51,2022-08-12
tt14330236,Mack & Rita,94,PG-13,4.8,2400,49,2022-08-12
tt14935966,I Love My Dad,96,R,6.3,3500,59,2022-08-12
tt10540510,Inu-oh,98,PG-13,7.1,2800,77,2022-08-12
tt10028196,Laal Singh Chaddha,159,PG-13,5.6,179000,46,2022-08-11
tt12593682,Bullet Train,127,R,7.3,487000,49,2022-08-05
tt14502344,They/Them,104,TV-MA,4.0,13000,46,2022-08-05
tt11540726,Resurrection,103,R,5.9,13000,70,2022-08-05
tt7214954,Luck,105,G,6.4,32000,48,2022-08-05
tt11952606,Easter Sunday,96,PG-13,5.3,2900,41,2022-08-05
tt12262116,Thirteen Lives,147,PG-13,7.8,73000,66,2022-08-05
tt11866324,Prey,100,R,7.1,246000,71,2022-08-05
tt16491324,Honor Society,98,TV-MA,6.5,11000,66,2022-07-29
tt4614584,Purple Hearts,122,TV-14,6.7,62000,30,2022-07-29
tt8912936,DC League of Super-Pets,105,PG,7.0,79000,56,2022-07-29
tt11976532,Vengeance,107,R,6.8,40000,65,2022-07-29
tt10954984,Nope,130,R,6.8,296000,77,2022-07-22
tt1461238,Kurt Vonnegut: Unstuck in Time,127,Not Rated,7.9,1500,70,2022-07-22
tt1649418,The Gray Man,122,PG-13,6.5,256000,49,2022-07-22
tt20168564,Alienoid,142,Not Rated,6.3,6700,54,2022-07-20
tt13656980,Montana Story,114,R,6.5,3700,73,2022-07-16
tt4428398,Paws of Fury: The Legend of Hank,98,PG,5.8,7100,45,2022-07-15
tt15339456,Marcel the Shell with Shoes On,90,PG,7.6,31000,80,2022-07-15
tt9411972,Where the Crawdads Sing,125,PG-13,7.2,145000,43,2022-07-15
tt5151570,Mrs. Harris Goes to Paris,115,PG,7.1,34000,70,2022-07-15
tt7600742,"Hallelujah: Leonard Cohen, a Journey, a Song",118,PG-13,7.6,1600,70,2022-07-15
tt13456318,Persuasion,108,PG,5.8,38000,42,2022-07-15
tt9288046,The Sea Beast,115,PG,7.0,62000,74,2022-07-08
tt10648342,Thor: Love and Thunder,118,PG-13,6.2,429000,57,2022-07-08
tt20851874,Fourth of July,90,Not Rated,6.7,2300,40,2022-07-08
tt12545566,Mr. Malcolm's List,117,PG,6.0,6200,65,2022-07-01
tt5113044,Minions: The Rise of Gru,87,PG,6.5,97000,56,2022-07-01
tt13406136,The Princess,94,R,5.7,16000,43,2022-07-01
tt11671006,The Man from Toronto,110,PG-13,5.8,63000,34,2022-06-24
tt7144666,The Black Phone,103,R,6.9,224000,65,2022-06-24
tt3704428,Elvis,159,PG-13,7.3,249000,64,2022-06-24
tt14376344,Cha Cha Real Smooth,107,R,7.3,29000,69,2022-06-17
tt13352968,"Good Luck to You, Leo Grande",97,R,7.2,41000,78,2022-06-17
tt10298810,Lightyear,105,PG,6.1,130000,60,2022-06-17
tt9783600,Spiderhead,106,R,5.5,69000,54,2022-06-17
tt8323668,Jerry and Marge Go Large,96,PG-13,6.9,30000,52,2022-06-17
tt2980152,Abandoned,102,PG-13,3.8,4100,38,2022-06-17
tt15090124,Mad God,83,Unrated,6.8,18000,80,2022-06-16
tt13249596,Father of the Bride,117,PG-13,5.9,14000,65,2022-06-16
tt14071694,Turn Every Page: The Adventures of Robert Caro and Robert Gottlieb,112,PG,8.1,595,81,2022-06-12
tt13840536,It Ain't Over,99,PG,8.2,1600,79,2022-06-11
tt8041270,Jurassic World: Dominion,147,PG-13,5.6,221000,38,2022-06-10
tt8009428,Hustle,117,R,7.3,154000,68,2022-06-08
tt13056052,Broker,129,R,7.1,19000,77,2022-06-08
tt12004038,Watcher,96,R,6.3,56000,72,2022-06-03
tt10243676,After Blue,129,Unrated,5.4,1200,56,2022-06-03
tt0401085,C.R.A.Z.Y.,129,Not Rated,7.8,35000,81,2022-06-03
tt15174116,Dashcam,80,R,4.5,7100,48,2022-06-03
tt14174940,Interceptor,99,TV-MA,4.7,28000,51,2022-06-03
tt15218000,Fire Island,105,R,6.7,15000,72,2022-06-03
tt5176580,Wild Nights with Emily,84,PG-13,6.2,1500,74,2022-06-01
tt13782428,Julia,95,PG-13,7.6,1300,69,2022-05-30
tt7466442,The Bob's Burgers Movie,102,PG-13,7.0,23000,75,2022-05-27
tt13650600,Emergency,105,R,6.2,10000,73,2022-05-27
tt9735462,Aline,126,PG-13,6.3,3600,53,2022-05-27
tt1745960,Top Gun: Maverick,130,PG-13,8.2,764000,78,2022-05-27
tt14549466,Crimes of the Future,107,R,5.8,44000,68,2022-05-25
tt11703710,Downton Abbey: A New Era,124,PG,7.4,34000,63,2022-05-20
tt13841850,Men,100,R,6.0,73000,65,2022-05-20
tt3513500,Chip 'n Dale: Rescue Rangers,97,PG,6.9,49000,66,2022-05-20
tt9005184,Dual,94,R,5.8,14000,62,2022-05-20
tt15215512,A Perfect Pairing,101,TV-14,6.1,18000,55,2022-05-19
tt8296030,You Won't Be Alone,108,R,6.4,13000,82,2022-05-16
tt11160650,On the Count of Three,86,R,7.0,9700,74,2022-05-13
tt15109082,The Quiet Girl,95,PG-13,7.7,26000,89,2022-05-13
tt5315212,Senior Year,111,R,5.5,46000,47,2022-05-13
tt1798632,Firestarter,94,R,4.6,24000,32,2022-05-13
tt13872248,The Sadness,99,TV-MA,6.5,23000,68,2022-05-12
tt1879016,Operation Mincemeat,128,PG-13,6.6,40000,65,2022-05-11
tt13204490,Petite Maman,73,PG,7.4,19000,93,2022-05-06
tt9419884,Doctor Strange in the Multiverse of Madness,126,PG-13,6.9,510000,60,2022-05-06
tt14775784,Great Freedom,116,Unrated,7.5,8100,89,2022-05-06
tt1280015,Smash His Camera,87,PG-13,6.9,978,68,2022-05-02
tt13559026,Jockey,94,R,6.3,1500,77,2022-05-01
tt11827628,Memory,114,R,5.7,39000,41,2022-04-29
tt15096128,Crush,93,TV-MA,6.3,11000,56,2022-04-29
tt9242528,The Survivor,129,R,6.7,6700,71,2022-04-27
tt8115900,The Bad Guys,100,PG,6.8,66000,64,2022-04-22
tt11291274,The Unbearable Weight of Massive Talent,107,R,7.0,168000,68,2022-04-22
tt13648224,We're All Going to the World's Fair,86,Not Rated,5.4,7700,78,2022-04-22
tt11138512,The Northman,137,R,7.0,277000,82,2022-04-22
tt14439896,Father Stu,124,PG-13,6.5,34000,40,2022-04-15
tt4123432,Fantastic Beasts: The Secrets of Dumbledore,142,PG-13,6.2,183000,47,2022-04-15
tt4998632,Ambulance,136,R,6.1,107000,55,2022-04-08
tt6710474,Everything Everywhere All at Once,139,R,7.8,576000,81,2022-04-08
tt3706352,All the Old Knives,101,R,6.1,30000,62,2022-04-08
tt12412888,Sonic the Hedgehog 2,122,PG,6.5,105000,47,2022-04-08
tt12017738,Three Minutes: A Lengthening,69,PG,7.3,715,88,2022-04-07
tt13610562,The Bubble,126,R,4.7,29000,34,2022-04-01
tt13266998,Bull,88,R,6.5,9600,72,2022-04-01
tt5108870,Morbius,104,PG-13,5.1,163000,35,2022-04-01
tt7978758,Apollo 10½: A Space Age Childhood,97,PG-13,7.2,13000,79,2022-04-01
tt10323676,The Contractor,103,R,5.8,32000,52,2022-04-01
tt14060232,Infinite Storm,97,R,5.3,12000,56,2022-03-25
tt13320622,The Lost City,112,PG-13,6.1,169000,60,2022-03-25
tt8178634,RRR,187,TV-MA,7.8,177000,83,2022-03-25
tt6020800,Gold,97,R,5.4,13000,48,2022-03-18
tt13235822,Umma,83,PG-13,4.7,11000,51,2022-03-18
tt15033192,Windfall,92,R,5.7,27000,52,2022-03-18
tt2180339,Deep Water,115,R,5.5,64000,53,2022-03-18
tt12572040,The Phantom of the Open,106,PG-13,7.0,8500,65,2022-03-18
tt13560574,X,105,R,6.5,206000,80,2022-03-18
tt6705162,Cheaper by the Dozen,107,PG,4.6,7100,42,2022-03-18
tt14114802,The Outfit,105,R,7.2,81000,69,2022-03-18
tt14331144,Jujutsu Kaisen 0,112,PG-13,7.8,48000,71,2022-03-18
tt14253846,Speak No Evil,97,Not Rated,6.6,57000,78,2022-03-17
tt17511190,Facing Nolan,102,TV-14,7.9,2000,73,2022-03-12
tt9340892,All My Friends Hate Me,93,R,6.3,7000,71,2022-03-11
tt2463208,The Adam Project,106,PG-13,6.7,245000,55,2022-03-11
tt8097030,Turning Red,100,PG,6.9,164000,83,2022-03-11
tt11897340,Huda's Salon,91,R,6.3,1300,69,2022-03-04
tt1877830,The Batman,176,PG-13,7.8,864000,72,2022-03-04
tt8633464,After Yang,96,PG,6.6,25000,78,2022-03-04
tt11559472,Ali & Ava,95,Not Rated,6.7,3300,75,2022-03-04
tt13403046,Fresh,114,R,6.7,84000,67,2022-03-04
tt14817272,The Weekend Away,89,TV-14,5.7,33000,51,2022-03-03
tt13873302,Against the Ice,102,TV-MA,6.5,30000,49,2022-03-02
tt15426294,Gone in the Night,90,R,4.9,7100,52,2022-03-01
tt13133936,The Desperate Hour,84,PG-13,4.9,8300,35,2022-02-25
tt14813966,Tyler Perry's A Madea Homecoming,105,"16+",5.7,5200,42,2022-02-25
tt11700260,Official Competition,115,R,7.0,16000,79,2022-02-25
tt11204094,The Duke,95,R,6.9,15000,74,2022-02-25
tt12889404,Cyrano,123,PG-13,6.4,16000,66,2022-02-25
tt7550014,No Exit,95,R,6.1,36000,54,2022-02-25
tt15374070,Studio 666,106,R,5.6,16000,50,2022-02-25
tt11252248,Dog,101,PG-13,6.5,49000,61,2022-02-18
tt10698174,Wolf,99,R,5.1,13000,52,2022-02-18
tt11755740,Texas Chainsaw Massacre,81,R,4.7,66000,34,2022-02-18
tt9907782,The Cursed,111,R,6.2,20000,62,2022-02-18
tt8128276,Ted K,120,R,6.0,4500,70,2022-02-18
tt1464335,Uncharted,116,PG-13,6.3,280000,45,2022-02-18
tt7657566,Death on the Nile,127,PG-13,6.3,200000,52,2022-02-11
tt6462958,I Want You Back,116,R,6.5,26000,62,2022-02-11
tt10223460,Marry Me,112,PG-13,6.1,46000,51,2022-02-11
tt14060094,Blacklight,104,PG-13,4.8,27000,27,2022-02-11
